{
    "epoch": 13,
    "train_loss": 4.605374631754557,
    "train_acc": 0.009644444444444445,
    "val_loss": 4.605179442214966,
    "val_acc": 0.01
}