{
    "epoch": 17,
    "train_loss": 4.605309690560235,
    "train_acc": 0.009466666666666667,
    "val_loss": 4.605182069778443,
    "val_acc": 0.0078
}