{
    "epoch": 12,
    "train_loss": 4.605361202070448,
    "train_acc": 0.009755555555555556,
    "val_loss": 4.605251818847656,
    "val_acc": 0.0068
}