{
    "epoch": 30,
    "train_loss": 4.605223040601942,
    "train_acc": 0.009844444444444444,
    "val_loss": 4.6051788280487065,
    "val_acc": 0.0126
}