{
    "epoch": 14,
    "train_loss": 4.605403113428752,
    "train_acc": 0.010644444444444444,
    "val_loss": 4.605172484588623,
    "val_acc": 0.0116
}