{
    "epoch": 19,
    "train_loss": 4.605347310765584,
    "train_acc": 0.010088888888888889,
    "val_loss": 4.605177225494384,
    "val_acc": 0.0096
}