{
    "epoch": 28,
    "train_loss": 4.6051577322642006,
    "train_acc": 0.010333333333333333,
    "val_loss": 4.605390635681152,
    "val_acc": 0.0066
}