{
    "epoch": 20,
    "train_loss": 4.605351644939846,
    "train_acc": 0.009711111111111111,
    "val_loss": 4.6051921875,
    "val_acc": 0.0104
}