{
    "epoch": 10,
    "train_loss": 4.606533572557238,
    "train_acc": 0.010133333333333333,
    "val_loss": 4.605183390426636,
    "val_acc": 0.0118
}