{
    "epoch": 29,
    "train_loss": 4.605169521247016,
    "train_acc": 0.010244444444444445,
    "val_loss": 4.605196941757202,
    "val_acc": 0.0096
}