{
    "epoch": 3,
    "train_loss": 4.606232980049981,
    "train_acc": 0.010355555555555555,
    "val_loss": 4.605168563079834,
    "val_acc": 0.0068
}