{
    "epoch": 6,
    "train_loss": 4.606395494291517,
    "train_acc": 0.009977777777777778,
    "val_loss": 4.605188093566895,
    "val_acc": 0.0098
}