{
    "epoch": 18,
    "train_loss": 4.605326290130615,
    "train_acc": 0.010177777777777779,
    "val_loss": 4.605989774322509,
    "val_acc": 0.009
}