{
    "epoch": 1,
    "train_loss": 4.606782806947496,
    "train_acc": 0.010577777777777778,
    "val_loss": 4.605210763931274,
    "val_acc": 0.0098
}