{
    "epoch": 16,
    "train_loss": 4.605328018951416,
    "train_acc": 0.0102,
    "val_loss": 4.60535581703186,
    "val_acc": 0.0092
}