{
    "epoch": 7,
    "train_loss": 4.606266004138523,
    "train_acc": 0.009533333333333333,
    "val_loss": 4.605209616470337,
    "val_acc": 0.0096
}