{
    "epoch": 2,
    "train_loss": 4.60638973274231,
    "train_acc": 0.009333333333333334,
    "val_loss": 4.605224346160889,
    "val_acc": 0.0096
}