{
    "epoch": 25,
    "train_loss": 4.605174623658922,
    "train_acc": 0.009666666666666667,
    "val_loss": 4.605184418106079,
    "val_acc": 0.0086
}