{
    "epoch": 8,
    "train_loss": 4.606347750430637,
    "train_acc": 0.009577777777777777,
    "val_loss": 4.605215980148316,
    "val_acc": 0.0072
}