{
    "epoch": 27,
    "train_loss": 4.605187560399373,
    "train_acc": 0.010422222222222222,
    "val_loss": 4.605281121444702,
    "val_acc": 0.0066
}