{
    "epoch": 22,
    "train_loss": 4.605190266884698,
    "train_acc": 0.010177777777777779,
    "val_loss": 4.605190747833252,
    "val_acc": 0.0088
}