{
    "epoch": 21,
    "train_loss": 4.605179935455323,
    "train_acc": 0.010133333333333333,
    "val_loss": 4.605170903015137,
    "val_acc": 0.0106
}