{
    "epoch": 23,
    "train_loss": 4.605174981943766,
    "train_acc": 0.009866666666666666,
    "val_loss": 4.6051887603759765,
    "val_acc": 0.0088
}