{
    "epoch": 11,
    "train_loss": 4.60524681845771,
    "train_acc": 0.009933333333333334,
    "val_loss": 4.605143343734741,
    "val_acc": 0.0108
}