{
    "epoch": 4,
    "train_loss": 4.606304327689277,
    "train_acc": 0.009466666666666667,
    "val_loss": 4.605184300994873,
    "val_acc": 0.0098
}