{
    "epoch": 15,
    "train_loss": 4.6053591267055936,
    "train_acc": 0.009355555555555556,
    "val_loss": 4.605174010848999,
    "val_acc": 0.0108
}