{
    "epoch": 9,
    "train_loss": 4.606229794311523,
    "train_acc": 0.009866666666666666,
    "val_loss": 4.605155536651611,
    "val_acc": 0.0112
}