{
    "epoch": 5,
    "train_loss": 4.6059840549469,
    "train_acc": 0.010088888888888889,
    "val_loss": 4.60519695777893,
    "val_acc": 0.0104
}