{
    "epoch": 24,
    "train_loss": 4.605173468822903,
    "train_acc": 0.009577777777777777,
    "val_loss": 4.605183152008057,
    "val_acc": 0.0092
}