{
    "epoch": 26,
    "train_loss": 4.605178247875638,
    "train_acc": 0.009888888888888888,
    "val_loss": 4.605183037948608,
    "val_acc": 0.0092
}