{
    "epoch": 27,
    "train_loss": 1.0415388820224338,
    "train_acc": 0.9421111111111111,
    "val_loss": 1.2745380860328674,
    "val_acc": 0.8414,
    "f1_score": 0.8383634452329257,
    "top1": 84.22,
    "top5": 98.18,
    "precision": 0.84127143622027,
    "recall": 0.8387341257489256
}