{
    "epoch": 13,
    "train_loss": 1.1978264658610025,
    "train_acc": 0.8822444444444445,
    "val_loss": 1.3093172286987305,
    "val_acc": 0.827,
    "f1_score": 0.8227497190863451,
    "top1": 82.67999999999999,
    "top5": 98.0,
    "precision": 0.8279047465985404,
    "recall": 0.8236926994274512
}