{
    "epoch": 7,
    "train_loss": 1.467928324254354,
    "train_acc": 0.7870444444444444,
    "val_loss": 1.4289232000350953,
    "val_acc": 0.7902,
    "f1_score": 0.7849914997696412,
    "top1": 79.0,
    "top5": 96.88,
    "precision": 0.7893297326462465,
    "recall": 0.7868219497695839
}