{
    "epoch": 25,
    "train_loss": 1.052230477862888,
    "train_acc": 0.9379333333333333,
    "val_loss": 1.2829659761428833,
    "val_acc": 0.8368,
    "f1_score": 0.832795723806716,
    "top1": 83.67999999999999,
    "top5": 98.1,
    "precision": 0.8366590159378409,
    "recall": 0.8335422023184593
}