{
    "epoch": 5,
    "train_loss": 1.7493506912231445,
    "train_acc": 0.6973555555555555,
    "val_loss": 1.5521930267333985,
    "val_acc": 0.7536,
    "f1_score": 0.7463145420193698,
    "top1": 75.36,
    "top5": 96.14,
    "precision": 0.7508268467592206,
    "recall": 0.7491772282348194
}