{
    "epoch": 23,
    "train_loss": 1.0578587933858237,
    "train_acc": 0.9358,
    "val_loss": 1.2747223587989807,
    "val_acc": 0.8382,
    "f1_score": 0.8342715977484181,
    "top1": 83.84,
    "top5": 98.26,
    "precision": 0.8374590080700348,
    "recall": 0.8349716672910813
}