{
    "epoch": 15,
    "train_loss": 1.146738142437405,
    "train_acc": 0.9030666666666667,
    "val_loss": 1.2944463116645812,
    "val_acc": 0.8292,
    "f1_score": 0.8255203530694234,
    "top1": 82.89999999999999,
    "top5": 98.02,
    "precision": 0.8284714055672984,
    "recall": 0.8263110575615255
}