{
    "epoch": 26,
    "train_loss": 1.049809285566542,
    "train_acc": 0.9393555555555556,
    "val_loss": 1.2819887954711915,
    "val_acc": 0.8348,
    "f1_score": 0.8306473830837582,
    "top1": 83.46000000000001,
    "top5": 97.96000000000001,
    "precision": 0.8339632373906702,
    "recall": 0.8316046486999384
}