{
    "epoch": 4,
    "train_loss": 2.0913415266248916,
    "train_acc": 0.6103333333333333,
    "val_loss": 1.7387921354293823,
    "val_acc": 0.7052,
    "f1_score": 0.6949706098884668,
    "top1": 70.52000000000001,
    "top5": 94.32000000000001,
    "precision": 0.6996990144866072,
    "recall": 0.7003981417843186
}