{
    "epoch": 14,
    "train_loss": 1.171705730819702,
    "train_acc": 0.8917333333333334,
    "val_loss": 1.3022987199783325,
    "val_acc": 0.8298,
    "f1_score": 0.8257152949589495,
    "top1": 82.98,
    "top5": 98.22,
    "precision": 0.8288687189606718,
    "recall": 0.82660354707965
}