{
    "epoch": 28,
    "train_loss": 1.0433152191374038,
    "train_acc": 0.9415555555555556,
    "val_loss": 1.2800536227226258,
    "val_acc": 0.8408,
    "f1_score": 0.8370563082852129,
    "top1": 84.06,
    "top5": 98.1,
    "precision": 0.8410517268389394,
    "recall": 0.8377914711882407
}