{
    "epoch": 9,
    "train_loss": 1.3484095640818279,
    "train_acc": 0.8270222222222222,
    "val_loss": 1.3593186987876893,
    "val_acc": 0.8078,
    "f1_score": 0.8028990773878221,
    "top1": 80.76,
    "top5": 97.7,
    "precision": 0.808203905370688,
    "recall": 0.8043398238585556
}