{
    "epoch": 17,
    "train_loss": 1.1153294874827067,
    "train_acc": 0.9140666666666667,
    "val_loss": 1.2836734477043152,
    "val_acc": 0.834,
    "f1_score": 0.8302149325233179,
    "top1": 83.39999999999999,
    "top5": 98.22,
    "precision": 0.833620510865006,
    "recall": 0.8309775818827148
}