{
    "epoch": 21,
    "train_loss": 1.0689964043511284,
    "train_acc": 0.9312222222222222,
    "val_loss": 1.2794539279937744,
    "val_acc": 0.8394,
    "f1_score": 0.8349363694009106,
    "top1": 83.89999999999999,
    "top5": 98.11999999999999,
    "precision": 0.8385783019458626,
    "recall": 0.8357933343355421
}