{
    "epoch": 8,
    "train_loss": 1.4205100405375162,
    "train_acc": 0.8016444444444445,
    "val_loss": 1.3841351843833922,
    "val_acc": 0.8042,
    "f1_score": 0.7983399440754817,
    "top1": 80.34,
    "top5": 97.54,
    "precision": 0.8022357079448601,
    "recall": 0.799625842679292
}