{
    "epoch": 16,
    "train_loss": 1.1333483773125543,
    "train_acc": 0.9058,
    "val_loss": 1.2908482566833497,
    "val_acc": 0.832,
    "f1_score": 0.828964951006126,
    "top1": 83.24000000000001,
    "top5": 98.0,
    "precision": 0.8320973343562171,
    "recall": 0.8298875362264423
}