{
    "epoch": 20,
    "train_loss": 1.0782634262296888,
    "train_acc": 0.9280666666666667,
    "val_loss": 1.2786779468536378,
    "val_acc": 0.837,
    "f1_score": 0.8325840388358372,
    "top1": 83.66,
    "top5": 98.18,
    "precision": 0.8360561050815418,
    "recall": 0.8334425600611963
}