{
    "epoch": 2,
    "train_loss": 4.098473861143324,
    "train_acc": 0.15135555555555555,
    "val_loss": 3.540156912612915,
    "val_acc": 0.3474,
    "f1_score": 0.3210146783991588,
    "top1": 34.78,
    "top5": 65.12,
    "precision": 0.3432399072775074,
    "recall": 0.34368369454160813
}