{
    "epoch": 3,
    "train_loss": 2.947145349036323,
    "train_acc": 0.4318444444444444,
    "val_loss": 2.2311838050842283,
    "val_acc": 0.5998,
    "f1_score": 0.5810793339370535,
    "top1": 59.98,
    "top5": 88.48,
    "precision": 0.5989924960334606,
    "recall": 0.5952506137900404
}