{
    "epoch": 18,
    "train_loss": 1.1015725487391155,
    "train_acc": 0.9188888888888889,
    "val_loss": 1.2860712238311767,
    "val_acc": 0.8336,
    "f1_score": 0.8306431805917895,
    "top1": 83.44,
    "top5": 98.02,
    "precision": 0.834357277883795,
    "recall": 0.8313839091929465
}