{
    "epoch": 24,
    "train_loss": 1.0510129298739963,
    "train_acc": 0.9386444444444444,
    "val_loss": 1.2786918996810912,
    "val_acc": 0.8374,
    "f1_score": 0.8333146075463955,
    "top1": 83.76,
    "top5": 98.16,
    "precision": 0.8355972922694006,
    "recall": 0.83460845153486
}