{
    "epoch": 29,
    "train_loss": 1.041530391438802,
    "train_acc": 0.9424666666666667,
    "val_loss": 1.2781871222496033,
    "val_acc": 0.8392,
    "f1_score": 0.8358334357410954,
    "top1": 83.96000000000001,
    "top5": 98.02,
    "precision": 0.8383363675693262,
    "recall": 0.8365280035191118
}