{
    "epoch": 12,
    "train_loss": 1.2338108507792156,
    "train_acc": 0.8685111111111111,
    "val_loss": 1.3126432821273804,
    "val_acc": 0.8248,
    "f1_score": 0.8211356213508308,
    "top1": 82.54,
    "top5": 98.14,
    "precision": 0.825431645945673,
    "recall": 0.8223558132653456
}