{
    "epoch": 22,
    "train_loss": 1.065419501707289,
    "train_acc": 0.9343111111111111,
    "val_loss": 1.28155217294693,
    "val_acc": 0.8374,
    "f1_score": 0.8336892234244958,
    "top1": 83.78,
    "top5": 98.14,
    "precision": 0.8374910548924892,
    "recall": 0.834406550871921
}