{
    "epoch": 30,
    "train_loss": 1.0442646428849962,
    "train_acc": 0.9409111111111111,
    "val_loss": 1.2781968884468078,
    "val_acc": 0.8382,
    "f1_score": 0.8347627768209414,
    "top1": 83.86,
    "top5": 98.18,
    "precision": 0.8378929675034812,
    "recall": 0.8354351332269523
}