{
    "epoch": 19,
    "train_loss": 1.0886531530804104,
    "train_acc": 0.9254,
    "val_loss": 1.2822485646247863,
    "val_acc": 0.8354,
    "f1_score": 0.8308475263619496,
    "top1": 83.48,
    "top5": 98.18,
    "precision": 0.8342647486972775,
    "recall": 0.831174178628181
}