{
    "epoch": 10,
    "train_loss": 1.2923107229444715,
    "train_acc": 0.8474222222222222,
    "val_loss": 1.3337207322120666,
    "val_acc": 0.817,
    "f1_score": 0.8125193431478555,
    "top1": 81.72,
    "top5": 97.98,
    "precision": 0.8168519080542783,
    "recall": 0.8133946240941848
}