{
    "epoch": 1,
    "train_loss": 4.620133451504177,
    "train_acc": 0.02168888888888889,
    "val_loss": 4.429988403320312,
    "val_acc": 0.0558,
    "f1_score": 0.04847675268644936,
    "top1": 5.5,
    "top5": 17.94,
    "precision": 0.05775788846648313,
    "recall": 0.05336504393666028
}