{
    "epoch": 11,
    "train_loss": 1.2510319309870401,
    "train_acc": 0.8627333333333334,
    "val_loss": 1.326415044116974,
    "val_acc": 0.821,
    "f1_score": 0.8177031119399838,
    "top1": 82.16,
    "top5": 98.04,
    "precision": 0.8219313202757094,
    "recall": 0.8182135513554825
}