{
    "epoch": 6,
    "train_loss": 1.568535265774197,
    "train_acc": 0.7537555555555555,
    "val_loss": 1.4638837633132935,
    "val_acc": 0.7806,
    "f1_score": 0.7730671309574436,
    "top1": 77.94,
    "top5": 96.74000000000001,
    "precision": 0.7785617823314829,
    "recall": 0.7750583853968703
}