epoch,train_loss,train_acc
1,2.5021617947472468,0.36419999998643665
2,1.5958140326817831,0.5521111110500759
3,1.2347353555679321,0.6416222222086588
4,0.9954151941087511,0.7024888888685439
5,0.7790117266760932,0.7619333332926432
6,0.6114641949335734,0.8077999999728733
7,0.471422314898173,0.8495111110026041
8,0.3806189814461602,0.8771333333333333
9,0.26109471276601154,0.9148
10,0.1821567364083396,0.9419333332926433
11,0.1236450449625651,0.96226666663954
12,0.08802625960773892,0.9745555554877388
