{
    "epoch": 10,
    "train_loss": 4.750882673136394,
    "train_acc": 0.0088,
    "val_loss": 4.722594625091553,
    "val_acc": 0.0096,
    "f1_score": 0.00847775154013939,
    "top1": 0.96,
    "top5": 5.04,
    "precision": 0.011508582305186543,
    "recall": 0.009366232708247359
}