{
    "epoch": 3,
    "train_loss": 4.754155126105415,
    "train_acc": 0.009333333333333334,
    "val_loss": 4.721683152770996,
    "val_acc": 0.0104,
    "f1_score": 0.009820945430004184,
    "top1": 1.02,
    "top5": 4.74,
    "precision": 0.013649066754974086,
    "recall": 0.010163604809125338
}