{
    "epoch": 15,
    "train_loss": 4.7527403238084585,
    "train_acc": 0.009888888888888888,
    "val_loss": 4.720380941772461,
    "val_acc": 0.0106,
    "f1_score": 0.009289889084954199,
    "top1": 1.08,
    "top5": 4.88,
    "precision": 0.011461490454642233,
    "recall": 0.010820022448817824
}