{
    "epoch": 12,
    "train_loss": 4.752839196438259,
    "train_acc": 0.008688888888888888,
    "val_loss": 4.721069706726074,
    "val_acc": 0.0098,
    "f1_score": 0.008930798185972057,
    "top1": 0.98,
    "top5": 4.96,
    "precision": 0.011451683254970552,
    "recall": 0.00991483764418601
}