{
    "epoch": 8,
    "train_loss": 4.753535256958008,
    "train_acc": 0.009555555555555555,
    "val_loss": 4.719012968444824,
    "val_acc": 0.0106,
    "f1_score": 0.01001900437740514,
    "top1": 1.08,
    "top5": 4.760000000000001,
    "precision": 0.013513824040562011,
    "recall": 0.010901786428794968
}