{
    "epoch": 11,
    "train_loss": 4.753088248274062,
    "train_acc": 0.009244444444444444,
    "val_loss": 4.718260821533203,
    "val_acc": 0.0106,
    "f1_score": 0.008609667016528717,
    "top1": 0.98,
    "top5": 4.9,
    "precision": 0.011603508767205745,
    "recall": 0.009931188512547323
}