{
    "epoch": 4,
    "train_loss": 4.753541420915392,
    "train_acc": 0.009666666666666667,
    "val_loss": 4.721972954559326,
    "val_acc": 0.0114,
    "f1_score": 0.010184696365166697,
    "top1": 1.1199999999999999,
    "top5": 4.9799999999999995,
    "precision": 0.014544501902481397,
    "recall": 0.011427688249498384
}