{
    "epoch": 2,
    "train_loss": 4.757195354631212,
    "train_acc": 0.009711111111111111,
    "val_loss": 4.72100233001709,
    "val_acc": 0.0098,
    "f1_score": 0.008978658695896374,
    "top1": 0.96,
    "top5": 5.1,
    "precision": 0.01326040173625313,
    "recall": 0.009590713090103646
}