{
    "epoch": 6,
    "train_loss": 4.753748288811578,
    "train_acc": 0.009066666666666667,
    "val_loss": 4.719121689605713,
    "val_acc": 0.0116,
    "f1_score": 0.01036483203193086,
    "top1": 1.1199999999999999,
    "top5": 5.08,
    "precision": 0.013681906482001318,
    "recall": 0.011335699904393816
}