{
    "epoch": 9,
    "train_loss": 4.7526517411126035,
    "train_acc": 0.009444444444444445,
    "val_loss": 4.720102017974853,
    "val_acc": 0.0102,
    "f1_score": 0.009124491655489958,
    "top1": 1.02,
    "top5": 4.84,
    "precision": 0.012089077680277494,
    "recall": 0.010252886382420674
}