{
    "epoch": 14,
    "train_loss": 4.752553820207384,
    "train_acc": 0.0092,
    "val_loss": 4.72119153137207,
    "val_acc": 0.011,
    "f1_score": 0.009735870211548014,
    "top1": 1.0999999999999999,
    "top5": 4.859999999999999,
    "precision": 0.013352808516254325,
    "recall": 0.01117276439382757
}