{
    "epoch": 1,
    "train_loss": 4.757241634707981,
    "train_acc": 0.009133333333333334,
    "val_loss": 4.725553581237793,
    "val_acc": 0.009,
    "f1_score": 0.008166175141316895,
    "top1": 0.86,
    "top5": 4.859999999999999,
    "precision": 0.010959034233751665,
    "recall": 0.008359818719320017
}