{
    "epoch": 13,
    "train_loss": 4.75231564763387,
    "train_acc": 0.008466666666666667,
    "val_loss": 4.719818612670898,
    "val_acc": 0.0086,
    "f1_score": 0.0076225951508529025,
    "top1": 0.84,
    "top5": 4.68,
    "precision": 0.010453072602229212,
    "recall": 0.008612034475886226
}