{
    "epoch": 7,
    "train_loss": 4.755802097913954,
    "train_acc": 0.008977777777777777,
    "val_loss": 4.720128505706787,
    "val_acc": 0.01,
    "f1_score": 0.009494339796515905,
    "top1": 1.06,
    "top5": 5.140000000000001,
    "precision": 0.011815213178597342,
    "recall": 0.010761245877343563
}