{
    "epoch": 5,
    "train_loss": 4.754263720618354,
    "train_acc": 0.009977777777777778,
    "val_loss": 4.717873375701904,
    "val_acc": 0.0104,
    "f1_score": 0.00907322983295245,
    "top1": 1.02,
    "top5": 5.08,
    "precision": 0.012325904815402775,
    "recall": 0.010117862545673942
}