{
    "epoch": 11,
    "train_loss": 3.4137731748633913,
    "train_acc": 0.17713333333333334,
    "val_loss": 3.3270486223220823,
    "val_acc": 0.1806
}