{
    "epoch": 7,
    "train_loss": 3.8240130850368077,
    "train_acc": 0.107,
    "val_loss": 3.691621815776825,
    "val_acc": 0.126
}