{
    "epoch": 13,
    "train_loss": 3.3757872590965694,
    "train_acc": 0.18637777777777778,
    "val_loss": 3.2815388216495514,
    "val_acc": 0.191
}