{
    "epoch": 17,
    "train_loss": 3.3354274261580574,
    "train_acc": 0.18933333333333333,
    "val_loss": 3.2537116291999815,
    "val_acc": 0.1986
}