{
    "epoch": 1,
    "train_loss": 4.653824082056682,
    "train_acc": 0.009911111111111112,
    "val_loss": 4.614718460464478,
    "val_acc": 0.0088
}