{
    "epoch": 5,
    "train_loss": 4.122354822349548,
    "train_acc": 0.06406666666666666,
    "val_loss": 4.040399968528748,
    "val_acc": 0.074
}