{
    "epoch": 8,
    "train_loss": 3.7254676719665527,
    "train_acc": 0.12353333333333333,
    "val_loss": 3.6237002892494203,
    "val_acc": 0.1392
}