{
    "epoch": 15,
    "train_loss": 3.352295033672121,
    "train_acc": 0.18786666666666665,
    "val_loss": 3.265491803407669,
    "val_acc": 0.192
}