{
    "epoch": 6,
    "train_loss": 3.948851931360033,
    "train_acc": 0.08933333333333333,
    "val_loss": 3.832168714237213,
    "val_acc": 0.1066
}