{
    "epoch": 3,
    "train_loss": 4.4824288004981145,
    "train_acc": 0.020666666666666667,
    "val_loss": 4.349635453796386,
    "val_acc": 0.0308
}