{
    "epoch": 10,
    "train_loss": 3.5577145872539946,
    "train_acc": 0.1479777777777778,
    "val_loss": 3.499881298160553,
    "val_acc": 0.1478
}