{
    "epoch": 12,
    "train_loss": 3.3858255847665997,
    "train_acc": 0.18088888888888888,
    "val_loss": 3.3013885021209717,
    "val_acc": 0.186
}