{
    "epoch": 14,
    "train_loss": 3.3634099506166244,
    "train_acc": 0.18595555555555557,
    "val_loss": 3.2865880799293516,
    "val_acc": 0.1906
}