{
    "epoch": 9,
    "train_loss": 3.6334145172225103,
    "train_acc": 0.1348,
    "val_loss": 3.4955157101631165,
    "val_acc": 0.1468
}