{
    "epoch": 20,
    "train_loss": 3.305409875657823,
    "train_acc": 0.19606666666666667,
    "val_loss": 3.220083526802063,
    "val_acc": 0.2092
}