{
    "epoch": 19,
    "train_loss": 3.3188011126995085,
    "train_acc": 0.19355555555555556,
    "val_loss": 3.2373357907772062,
    "val_acc": 0.195
}