{
    "epoch": 16,
    "train_loss": 3.3420558343993294,
    "train_acc": 0.1889111111111111,
    "val_loss": 3.2499635793685915,
    "val_acc": 0.1918
}