{
    "epoch": 18,
    "train_loss": 3.324957737021976,
    "train_acc": 0.19226666666666667,
    "val_loss": 3.236192228078842,
    "val_acc": 0.1938
}