{
    "epoch": 2,
    "train_loss": 4.60974894595676,
    "train_acc": 0.010933333333333333,
    "val_loss": 4.614574121856689,
    "val_acc": 0.0104
}