{
    "epoch": 4,
    "train_loss": 4.2633591834174265,
    "train_acc": 0.045,
    "val_loss": 4.135366334533692,
    "val_acc": 0.0548
}