{
    "epoch": 9,
    "train_loss": 4.7492874401516385,
    "train_acc": 0.010844444444444445,
    "val_loss": 4.707095586395264,
    "val_acc": 0.011,
    "f1_score": 0.007759722532995053,
    "top1": 1.0,
    "top5": 5.5,
    "precision": 0.008632112413262625,
    "recall": 0.009767878094206355
}