{
    "epoch": 8,
    "train_loss": 4.748368366665311,
    "train_acc": 0.011066666666666667,
    "val_loss": 4.707696753692627,
    "val_acc": 0.0104,
    "f1_score": 0.007975685626743181,
    "top1": 1.02,
    "top5": 5.4,
    "precision": 0.008734200385677827,
    "recall": 0.009939489963507301
}