{
    "epoch": 27,
    "train_loss": 4.750037126837836,
    "train_acc": 0.01168888888888889,
    "val_loss": 4.70928324432373,
    "val_acc": 0.0106,
    "f1_score": 0.008888362428149577,
    "top1": 1.08,
    "top5": 5.48,
    "precision": 0.01005903611935906,
    "recall": 0.010632970917508486
}