{
    "epoch": 3,
    "train_loss": 4.748815305582682,
    "train_acc": 0.010733333333333333,
    "val_loss": 4.706514315032959,
    "val_acc": 0.01,
    "f1_score": 0.008001170302477816,
    "top1": 0.98,
    "top5": 5.18,
    "precision": 0.009339626041614348,
    "recall": 0.00951849271458645
}