{
    "epoch": 2,
    "train_loss": 4.750054793887668,
    "train_acc": 0.0106,
    "val_loss": 4.707008121490478,
    "val_acc": 0.0094,
    "f1_score": 0.007954928210243599,
    "top1": 0.98,
    "top5": 5.52,
    "precision": 0.008581586768819979,
    "recall": 0.00982578235755368
}