{
    "epoch": 12,
    "train_loss": 4.74919706793891,
    "train_acc": 0.0102,
    "val_loss": 4.708492275238037,
    "val_acc": 0.0102,
    "f1_score": 0.007984963695534525,
    "top1": 0.98,
    "top5": 5.46,
    "precision": 0.009267343131128222,
    "recall": 0.009581631438138206
}