{
    "epoch": 29,
    "train_loss": 4.747846099683973,
    "train_acc": 0.011111111111111112,
    "val_loss": 4.708705836486817,
    "val_acc": 0.0088,
    "f1_score": 0.006784978026416643,
    "top1": 0.88,
    "top5": 5.48,
    "precision": 0.007324238483197662,
    "recall": 0.008665553280031369
}