{
    "epoch": 28,
    "train_loss": 4.749237358686659,
    "train_acc": 0.01071111111111111,
    "val_loss": 4.706409930419922,
    "val_acc": 0.0098,
    "f1_score": 0.0077525044837799895,
    "top1": 0.96,
    "top5": 5.24,
    "precision": 0.008325198722857627,
    "recall": 0.009439078053438769
}