{
    "epoch": 1,
    "train_loss": 4.748310057322184,
    "train_acc": 0.010622222222222222,
    "val_loss": 4.7095659126281735,
    "val_acc": 0.0104,
    "f1_score": 0.008452927147725142,
    "top1": 1.04,
    "top5": 5.220000000000001,
    "precision": 0.009604881371537593,
    "recall": 0.010300238440759784
}