{
    "epoch": 20,
    "train_loss": 4.748159913974338,
    "train_acc": 0.010266666666666667,
    "val_loss": 4.7073845825195315,
    "val_acc": 0.0096,
    "f1_score": 0.007404304219150489,
    "top1": 0.96,
    "top5": 5.1,
    "precision": 0.007746080606098256,
    "recall": 0.009498209235276523
}