{
    "epoch": 24,
    "train_loss": 4.745853417883979,
    "train_acc": 0.011044444444444445,
    "val_loss": 4.703747299194336,
    "val_acc": 0.0096,
    "f1_score": 0.008175907529472481,
    "top1": 1.0,
    "top5": 5.4399999999999995,
    "precision": 0.009636712274116782,
    "recall": 0.00971235158166469
}