{
    "epoch": 4,
    "train_loss": 4.74553489634196,
    "train_acc": 0.010511111111111112,
    "val_loss": 4.70699810256958,
    "val_acc": 0.0094,
    "f1_score": 0.007909882575202884,
    "top1": 0.9400000000000001,
    "top5": 5.4399999999999995,
    "precision": 0.009169451481712745,
    "recall": 0.009235424732667221
}