{
    "epoch": 14,
    "train_loss": 4.747339971754286,
    "train_acc": 0.010377777777777777,
    "val_loss": 4.706683480072021,
    "val_acc": 0.0106,
    "f1_score": 0.008636825696142974,
    "top1": 1.08,
    "top5": 5.54,
    "precision": 0.009618387249420386,
    "recall": 0.01079584232891802
}