{
    "epoch": 17,
    "train_loss": 4.746169715203179,
    "train_acc": 0.010911111111111111,
    "val_loss": 4.708334379577637,
    "val_acc": 0.0094,
    "f1_score": 0.0076133221963986895,
    "top1": 0.9199999999999999,
    "top5": 5.16,
    "precision": 0.00909299363727807,
    "recall": 0.009068166319200573
}