{
    "epoch": 10,
    "train_loss": 4.749033206091987,
    "train_acc": 0.010511111111111112,
    "val_loss": 4.706309135437012,
    "val_acc": 0.0094,
    "f1_score": 0.007881822226601021,
    "top1": 1.0,
    "top5": 5.36,
    "precision": 0.008498615607854193,
    "recall": 0.009866553529553785
}