{
    "epoch": 16,
    "train_loss": 4.746746601952447,
    "train_acc": 0.011222222222222222,
    "val_loss": 4.7036300476074215,
    "val_acc": 0.0096,
    "f1_score": 0.008878298051529145,
    "top1": 1.02,
    "top5": 5.36,
    "precision": 0.010477871540779265,
    "recall": 0.009961442232417744
}