{
    "epoch": 21,
    "train_loss": 4.745842947642008,
    "train_acc": 0.010733333333333333,
    "val_loss": 4.706441128540039,
    "val_acc": 0.0108,
    "f1_score": 0.008575517889266367,
    "top1": 1.06,
    "top5": 5.4399999999999995,
    "precision": 0.009260785656612178,
    "recall": 0.010422357914460747
}