{
    "epoch": 19,
    "train_loss": 4.74841036207411,
    "train_acc": 0.010577777777777778,
    "val_loss": 4.707356435394287,
    "val_acc": 0.009,
    "f1_score": 0.007409624619901059,
    "top1": 0.9199999999999999,
    "top5": 5.26,
    "precision": 0.007828245659294027,
    "recall": 0.00909925177614386
}