{
    "epoch": 25,
    "train_loss": 4.746563464779324,
    "train_acc": 0.010355555555555555,
    "val_loss": 4.704877728271485,
    "val_acc": 0.0092,
    "f1_score": 0.008052340477233999,
    "top1": 0.98,
    "top5": 5.24,
    "precision": 0.008810458769504653,
    "recall": 0.009671582261875944
}