{
    "epoch": 22,
    "train_loss": 4.7470409038119845,
    "train_acc": 0.010911111111111111,
    "val_loss": 4.708393417358399,
    "val_acc": 0.0114,
    "f1_score": 0.009321604158366711,
    "top1": 1.1400000000000001,
    "top5": 5.4,
    "precision": 0.01100016215018049,
    "recall": 0.01108370820929686
}