{
    "epoch": 26,
    "train_loss": 4.748153942192926,
    "train_acc": 0.011266666666666666,
    "val_loss": 4.706718746185302,
    "val_acc": 0.0098,
    "f1_score": 0.00773281629911621,
    "top1": 1.0,
    "top5": 5.28,
    "precision": 0.008156100719998038,
    "recall": 0.009798008558890476
}