{
    "epoch": 15,
    "train_loss": 4.749003481547038,
    "train_acc": 0.010977777777777777,
    "val_loss": 4.7048187217712405,
    "val_acc": 0.0104,
    "f1_score": 0.008383431767241592,
    "top1": 1.02,
    "top5": 5.24,
    "precision": 0.009368086673853172,
    "recall": 0.009932750172379963
}