{
    "epoch": 13,
    "train_loss": 4.744952990637885,
    "train_acc": 0.01151111111111111,
    "val_loss": 4.706011961364746,
    "val_acc": 0.01,
    "f1_score": 0.007385115119265734,
    "top1": 0.96,
    "top5": 5.28,
    "precision": 0.007530951470745906,
    "recall": 0.009434888540406687
}