{
    "epoch": 30,
    "train_loss": 4.747860592142741,
    "train_acc": 0.01151111111111111,
    "val_loss": 4.707626111602783,
    "val_acc": 0.0096,
    "f1_score": 0.007364064499669709,
    "top1": 0.9199999999999999,
    "top5": 5.16,
    "precision": 0.007952451047526515,
    "recall": 0.009043766328815156
}