{
    "epoch": 7,
    "train_loss": 4.750422613355848,
    "train_acc": 0.010177777777777779,
    "val_loss": 4.707026860809326,
    "val_acc": 0.0102,
    "f1_score": 0.008270874287849927,
    "top1": 1.04,
    "top5": 5.34,
    "precision": 0.00926520412356547,
    "recall": 0.010152143527732874
}