{
    "epoch": 23,
    "train_loss": 4.748845043775771,
    "train_acc": 0.010177777777777779,
    "val_loss": 4.707467693328858,
    "val_acc": 0.0108,
    "f1_score": 0.008848805869661304,
    "top1": 1.08,
    "top5": 5.42,
    "precision": 0.009835486807671677,
    "recall": 0.01055304000931912
}