{
    "epoch": 5,
    "train_loss": 4.746894081285265,
    "train_acc": 0.011555555555555555,
    "val_loss": 4.709924038696289,
    "val_acc": 0.0086,
    "f1_score": 0.006916361671467149,
    "top1": 0.88,
    "top5": 5.48,
    "precision": 0.007490996352713294,
    "recall": 0.008784429512115145
}