{
    "epoch": 11,
    "train_loss": 4.747484454600016,
    "train_acc": 0.010844444444444445,
    "val_loss": 4.706276776123047,
    "val_acc": 0.0104,
    "f1_score": 0.007958390320673907,
    "top1": 1.0,
    "top5": 5.140000000000001,
    "precision": 0.008680475735117177,
    "recall": 0.009742817391214726
}