{
    "epoch": 18,
    "train_loss": 4.745210358174642,
    "train_acc": 0.0114,
    "val_loss": 4.707957323455811,
    "val_acc": 0.0112,
    "f1_score": 0.008925399908615551,
    "top1": 1.0999999999999999,
    "top5": 5.3,
    "precision": 0.01009904239024443,
    "recall": 0.01089232813921236
}