{
    "epoch": 6,
    "train_loss": 4.74913134121365,
    "train_acc": 0.010844444444444445,
    "val_loss": 4.709121867370605,
    "val_acc": 0.0092,
    "f1_score": 0.0075937795557068895,
    "top1": 0.9400000000000001,
    "top5": 5.28,
    "precision": 0.008262509513289327,
    "recall": 0.009372663829459974
}