{
    "epoch": 26,
    "train_loss": 4.28458280122545,
    "train_acc": 0.10948888888888889,
    "val_loss": 3.792152981376648,
    "val_acc": 0.2034
}