{
    "epoch": 20,
    "train_loss": 4.345372363853454,
    "train_acc": 0.08837777777777778,
    "val_loss": 3.9431766719818113,
    "val_acc": 0.1786
}