{
    "epoch": 9,
    "train_loss": 4.564139426824782,
    "train_acc": 0.026533333333333332,
    "val_loss": 4.511814475822448,
    "val_acc": 0.0314
}