{
    "epoch": 28,
    "train_loss": 4.27912056980133,
    "train_acc": 0.11206666666666666,
    "val_loss": 3.786735699272156,
    "val_acc": 0.214
}