{
    "epoch": 7,
    "train_loss": 4.567978497759501,
    "train_acc": 0.023044444444444444,
    "val_loss": 4.5201248294830325,
    "val_acc": 0.0224
}