{
    "epoch": 12,
    "train_loss": 4.503532376967536,
    "train_acc": 0.04257777777777778,
    "val_loss": 4.2871135248184205,
    "val_acc": 0.0864
}