{
    "epoch": 17,
    "train_loss": 4.376046823671129,
    "train_acc": 0.07744444444444444,
    "val_loss": 4.015602240562439,
    "val_acc": 0.152
}