{
    "epoch": 23,
    "train_loss": 4.305282707744174,
    "train_acc": 0.10313333333333333,
    "val_loss": 3.8436951693534853,
    "val_acc": 0.2056
}