{
    "epoch": 18,
    "train_loss": 4.361000831540426,
    "train_acc": 0.08224444444444444,
    "val_loss": 3.954587199783325,
    "val_acc": 0.17
}