{
    "epoch": 19,
    "train_loss": 4.3497600990719265,
    "train_acc": 0.08482222222222222,
    "val_loss": 3.9677360424041748,
    "val_acc": 0.1572
}