{
    "epoch": 14,
    "train_loss": 4.433914477666219,
    "train_acc": 0.060222222222222226,
    "val_loss": 4.13531822605133,
    "val_acc": 0.121
}