{
    "epoch": 1,
    "train_loss": 4.600142567104763,
    "train_acc": 0.01471111111111111,
    "val_loss": 4.5596433992385865,
    "val_acc": 0.0222
}