{
    "epoch": 27,
    "train_loss": 4.287569188478258,
    "train_acc": 0.10586666666666666,
    "val_loss": 3.810285982322693,
    "val_acc": 0.2124
}