{
    "epoch": 10,
    "train_loss": 4.566041343137953,
    "train_acc": 0.024288888888888888,
    "val_loss": 4.503303259277343,
    "val_acc": 0.0306
}