{
    "epoch": 11,
    "train_loss": 4.540723208236694,
    "train_acc": 0.033666666666666664,
    "val_loss": 4.410380167770386,
    "val_acc": 0.067
}