{
    "epoch": 2,
    "train_loss": 4.584015135171678,
    "train_acc": 0.01868888888888889,
    "val_loss": 4.52251681022644,
    "val_acc": 0.0216
}