{
    "epoch": 21,
    "train_loss": 4.318444333585103,
    "train_acc": 0.09791111111111112,
    "val_loss": 3.8709526658058167,
    "val_acc": 0.1988
}