{
    "epoch": 13,
    "train_loss": 4.464839475038317,
    "train_acc": 0.05237777777777778,
    "val_loss": 4.200548592758179,
    "val_acc": 0.0968
}