{
    "epoch": 16,
    "train_loss": 4.400589371003045,
    "train_acc": 0.07131111111111112,
    "val_loss": 4.071457302665711,
    "val_acc": 0.1372
}