{
    "epoch": 6,
    "train_loss": 4.567776072862413,
    "train_acc": 0.02371111111111111,
    "val_loss": 4.471885872077942,
    "val_acc": 0.0316
}