{
    "epoch": 4,
    "train_loss": 4.572304865921868,
    "train_acc": 0.021044444444444445,
    "val_loss": 4.52196351928711,
    "val_acc": 0.0288
}