{
    "epoch": 30,
    "train_loss": 4.275152596728007,
    "train_acc": 0.11088888888888888,
    "val_loss": 3.765850583553314,
    "val_acc": 0.216
}