{
    "epoch": 3,
    "train_loss": 4.576626511319478,
    "train_acc": 0.020466666666666668,
    "val_loss": 4.50692985458374,
    "val_acc": 0.0294
}