{
    "epoch": 29,
    "train_loss": 4.275552729818556,
    "train_acc": 0.11097777777777777,
    "val_loss": 3.8090343269348144,
    "val_acc": 0.2162
}