{
    "epoch": 8,
    "train_loss": 4.568659796799554,
    "train_acc": 0.024133333333333333,
    "val_loss": 4.593813294219971,
    "val_acc": 0.0156
}