{
    "epoch": 5,
    "train_loss": 4.573884380510118,
    "train_acc": 0.021644444444444445,
    "val_loss": 4.513883522605896,
    "val_acc": 0.0286
}