{
    "epoch": 15,
    "train_loss": 4.416082059987386,
    "train_acc": 0.0658,
    "val_loss": 4.141251586532593,
    "val_acc": 0.1184
}