{
    "epoch": 24,
    "train_loss": 4.294449948883057,
    "train_acc": 0.10511111111111111,
    "val_loss": 3.862681457901001,
    "val_acc": 0.2006
}