{
    "epoch": 25,
    "train_loss": 4.294559153726365,
    "train_acc": 0.10586666666666666,
    "val_loss": 3.848669434261322,
    "val_acc": 0.2142
}