{
    "epoch": 22,
    "train_loss": 4.298161161147224,
    "train_acc": 0.1026,
    "val_loss": 3.8388510977745054,
    "val_acc": 0.194
}