{
    "epoch": 1,
    "train_loss": 4.66018028348287,
    "train_acc": 0.010733333333333333,
    "val_loss": 4.614598545074463,
    "val_acc": 0.0124
}