{
    "epoch": 8,
    "train_loss": 3.600801361380683,
    "train_acc": 0.14022222222222222,
    "val_loss": 3.5482558453559876,
    "val_acc": 0.1468
}