{
    "epoch": 12,
    "train_loss": 3.300783797428343,
    "train_acc": 0.19566666666666666,
    "val_loss": 3.2389734869003295,
    "val_acc": 0.2042
}