{
    "epoch": 6,
    "train_loss": 3.8215361761516995,
    "train_acc": 0.10275555555555556,
    "val_loss": 3.6686472599983215,
    "val_acc": 0.1248
}