{
    "epoch": 9,
    "train_loss": 3.5373485198020935,
    "train_acc": 0.15182222222222222,
    "val_loss": 3.447741461658478,
    "val_acc": 0.1648
}