{
    "epoch": 16,
    "train_loss": 3.244399705081516,
    "train_acc": 0.2063111111111111,
    "val_loss": 3.1825826831817627,
    "val_acc": 0.218
}