{
    "epoch": 17,
    "train_loss": 3.231196411005656,
    "train_acc": 0.20966666666666667,
    "val_loss": 3.169740297603607,
    "val_acc": 0.2194
}