{
    "epoch": 18,
    "train_loss": 3.2244434322304194,
    "train_acc": 0.2119111111111111,
    "val_loss": 3.15327582449913,
    "val_acc": 0.2174
}