{
    "epoch": 5,
    "train_loss": 3.997809569835663,
    "train_acc": 0.07855555555555556,
    "val_loss": 3.8973229122161865,
    "val_acc": 0.0904
}