{
    "epoch": 4,
    "train_loss": 4.190456966675653,
    "train_acc": 0.05191111111111111,
    "val_loss": 4.075997507667542,
    "val_acc": 0.0682
}