{
    "epoch": 19,
    "train_loss": 3.2098756870375738,
    "train_acc": 0.21324444444444443,
    "val_loss": 3.1475545144557953,
    "val_acc": 0.219
}