{
    "epoch": 15,
    "train_loss": 3.252293537203471,
    "train_acc": 0.2058888888888889,
    "val_loss": 3.19210349149704,
    "val_acc": 0.2136
}