{
    "epoch": 3,
    "train_loss": 4.509751919195387,
    "train_acc": 0.02,
    "val_loss": 4.343030046844483,
    "val_acc": 0.0378
}