{
    "epoch": 10,
    "train_loss": 3.4823988985432517,
    "train_acc": 0.1615111111111111,
    "val_loss": 3.4363162546157837,
    "val_acc": 0.1614
}