{
    "epoch": 2,
    "train_loss": 4.60986981455485,
    "train_acc": 0.010622222222222222,
    "val_loss": 4.569423442459106,
    "val_acc": 0.0114
}