{
    "epoch": 11,
    "train_loss": 3.3316859402974446,
    "train_acc": 0.1908,
    "val_loss": 3.250526765823364,
    "val_acc": 0.1996
}