{
    "epoch": 14,
    "train_loss": 3.27186098540624,
    "train_acc": 0.20271111111111112,
    "val_loss": 3.19966260843277,
    "val_acc": 0.2088
}