{
    "epoch": 7,
    "train_loss": 3.689886215941111,
    "train_acc": 0.12717777777777778,
    "val_loss": 3.693570975971222,
    "val_acc": 0.1294
}