{
    "epoch": 13,
    "train_loss": 3.27944519349734,
    "train_acc": 0.20204444444444444,
    "val_loss": 3.2178703877449037,
    "val_acc": 0.2126
}