{
    "epoch": 20,
    "train_loss": 3.2032682429737513,
    "train_acc": 0.2137777777777778,
    "val_loss": 3.1289220925807952,
    "val_acc": 0.2218
}