{
    "epoch": 10,
    "train_loss": 4.763763596259223,
    "train_acc": 0.009444444444444445,
    "val_loss": 4.739387812805176,
    "val_acc": 0.0088,
    "f1_score": 0.007441387861640593,
    "top1": 0.86,
    "top5": 4.72,
    "precision": 0.008165855699485821,
    "recall": 0.008562865528729646
}