{
    "epoch": 4,
    "train_loss": 4.765689879692926,
    "train_acc": 0.009377777777777778,
    "val_loss": 4.7419875091552735,
    "val_acc": 0.0084,
    "f1_score": 0.007281953595396003,
    "top1": 0.84,
    "top5": 4.9399999999999995,
    "precision": 0.007848791747648066,
    "recall": 0.008419684679068208
}