{
    "epoch": 1,
    "train_loss": 4.765950891960991,
    "train_acc": 0.0092,
    "val_loss": 4.7410537628173826,
    "val_acc": 0.0096,
    "f1_score": 0.007652429778112212,
    "top1": 0.8999999999999999,
    "top5": 4.72,
    "precision": 0.009090073794634586,
    "recall": 0.009127850141881251
}