{
    "epoch": 8,
    "train_loss": 4.764613260650635,
    "train_acc": 0.010244444444444445,
    "val_loss": 4.734434801483154,
    "val_acc": 0.0078,
    "f1_score": 0.007698334404025603,
    "top1": 0.8200000000000001,
    "top5": 4.72,
    "precision": 0.008860660301120598,
    "recall": 0.008111993079647184
}