{
    "epoch": 3,
    "train_loss": 4.7668032005310055,
    "train_acc": 0.009622222222222223,
    "val_loss": 4.738287802124024,
    "val_acc": 0.0094,
    "f1_score": 0.007843818291947547,
    "top1": 0.88,
    "top5": 4.82,
    "precision": 0.008061424245676817,
    "recall": 0.008835438063498787
}