{
    "epoch": 9,
    "train_loss": 4.764407283104791,
    "train_acc": 0.009577777777777777,
    "val_loss": 4.739542928314209,
    "val_acc": 0.0088,
    "f1_score": 0.007377130153075011,
    "top1": 0.88,
    "top5": 4.66,
    "precision": 0.008501178238800295,
    "recall": 0.008812849346649828
}