{
    "epoch": 2,
    "train_loss": 4.764559995863173,
    "train_acc": 0.010244444444444445,
    "val_loss": 4.737622129058838,
    "val_acc": 0.0086,
    "f1_score": 0.007962633789616955,
    "top1": 0.88,
    "top5": 4.9799999999999995,
    "precision": 0.010587505047971613,
    "recall": 0.008622343276953905
}