{
    "epoch": 6,
    "train_loss": 4.766554617818197,
    "train_acc": 0.009666666666666667,
    "val_loss": 4.740658842468262,
    "val_acc": 0.009,
    "f1_score": 0.008272529458604945,
    "top1": 0.9199999999999999,
    "top5": 4.92,
    "precision": 0.009674610921617408,
    "recall": 0.009096548174721341
}