{
    "epoch": 7,
    "train_loss": 4.768113808525933,
    "train_acc": 0.008622222222222222,
    "val_loss": 4.737368719482422,
    "val_acc": 0.0092,
    "f1_score": 0.008098764433130703,
    "top1": 0.9400000000000001,
    "top5": 4.7,
    "precision": 0.009082092897950702,
    "recall": 0.009408107525828952
}