{
    "epoch": 5,
    "train_loss": 4.763027474890815,
    "train_acc": 0.009555555555555555,
    "val_loss": 4.736248976135254,
    "val_acc": 0.008,
    "f1_score": 0.007423662586784653,
    "top1": 0.86,
    "top5": 5.12,
    "precision": 0.008224278147599464,
    "recall": 0.00848131376255162
}