{
    "epoch": 18,
    "train_loss": 4.605446274015638,
    "train_acc": 0.009711111111111111,
    "val_loss": 4.60518281288147,
    "val_acc": 0.0096
}