{
    "epoch": 13,
    "train_loss": 4.605499160597059,
    "train_acc": 0.009355555555555556,
    "val_loss": 4.605188794326782,
    "val_acc": 0.0096
}