{
    "epoch": 16,
    "train_loss": 4.605462445068359,
    "train_acc": 0.0098,
    "val_loss": 4.6056671062469485,
    "val_acc": 0.0084
}