{
    "epoch": 5,
    "train_loss": 4.608307493654887,
    "train_acc": 0.010044444444444444,
    "val_loss": 4.6051882595062255,
    "val_acc": 0.0116
}