{
    "epoch": 27,
    "train_loss": 4.605218845452202,
    "train_acc": 0.009622222222222223,
    "val_loss": 4.605176751708984,
    "val_acc": 0.009
}