{
    "epoch": 24,
    "train_loss": 4.605227774641249,
    "train_acc": 0.010266666666666667,
    "val_loss": 4.605213441085816,
    "val_acc": 0.0098
}