{
    "epoch": 28,
    "train_loss": 4.605209174686008,
    "train_acc": 0.009466666666666667,
    "val_loss": 4.605179312133789,
    "val_acc": 0.011
}