{
    "epoch": 8,
    "train_loss": 4.608186309030321,
    "train_acc": 0.010622222222222222,
    "val_loss": 4.605212996673584,
    "val_acc": 0.0096
}