{
    "epoch": 1,
    "train_loss": 4.609092988671197,
    "train_acc": 0.009222222222222222,
    "val_loss": 4.605082405090332,
    "val_acc": 0.011
}