{
    "epoch": 15,
    "train_loss": 4.605430149629381,
    "train_acc": 0.0098,
    "val_loss": 4.605167615509033,
    "val_acc": 0.0108
}