{
    "epoch": 4,
    "train_loss": 4.60755028974745,
    "train_acc": 0.010311111111111111,
    "val_loss": 4.605159532546997,
    "val_acc": 0.0094
}