{
    "epoch": 29,
    "train_loss": 4.605201901796129,
    "train_acc": 0.0096,
    "val_loss": 4.605173677825928,
    "val_acc": 0.0094
}