{
    "epoch": 30,
    "train_loss": 4.605228090286255,
    "train_acc": 0.009977777777777778,
    "val_loss": 4.605235279464722,
    "val_acc": 0.0084
}