{
    "epoch": 10,
    "train_loss": 4.607413613001506,
    "train_acc": 0.00871111111111111,
    "val_loss": 4.605225632858277,
    "val_acc": 0.01
}