{
    "epoch": 9,
    "train_loss": 4.607284390301174,
    "train_acc": 0.010933333333333333,
    "val_loss": 4.605110376739502,
    "val_acc": 0.0118
}