{
    "epoch": 25,
    "train_loss": 4.605201034079657,
    "train_acc": 0.009466666666666667,
    "val_loss": 4.605178891372681,
    "val_acc": 0.01
}