{
    "epoch": 19,
    "train_loss": 4.605578488074409,
    "train_acc": 0.009955555555555556,
    "val_loss": 4.605177475738525,
    "val_acc": 0.0092
}