{
    "epoch": 23,
    "train_loss": 4.605198303858439,
    "train_acc": 0.009822222222222222,
    "val_loss": 4.605291164779663,
    "val_acc": 0.0084
}