{
    "epoch": 3,
    "train_loss": 4.607694558080038,
    "train_acc": 0.009666666666666667,
    "val_loss": 4.605180488967895,
    "val_acc": 0.0098
}