{
    "epoch": 6,
    "train_loss": 4.609292319615682,
    "train_acc": 0.010333333333333333,
    "val_loss": 4.609744063186645,
    "val_acc": 0.011
}