{
    "epoch": 14,
    "train_loss": 4.6054156362321645,
    "train_acc": 0.008955555555555555,
    "val_loss": 4.6051641464233395,
    "val_acc": 0.0096
}