{
    "epoch": 12,
    "train_loss": 4.605384110853407,
    "train_acc": 0.009911111111111112,
    "val_loss": 4.605246474456787,
    "val_acc": 0.011
}