{
    "epoch": 26,
    "train_loss": 4.605192486699422,
    "train_acc": 0.009622222222222223,
    "val_loss": 4.605398641586303,
    "val_acc": 0.0086
}