{
    "epoch": 21,
    "train_loss": 4.605209513558282,
    "train_acc": 0.009422222222222222,
    "val_loss": 4.605174597549438,
    "val_acc": 0.0096
}