{
    "epoch": 7,
    "train_loss": 4.609267602199978,
    "train_acc": 0.010155555555555555,
    "val_loss": 4.610299165725708,
    "val_acc": 0.0092
}