{
    "epoch": 22,
    "train_loss": 4.605198055479262,
    "train_acc": 0.009844444444444444,
    "val_loss": 4.605177764892578,
    "val_acc": 0.0104
}