{
    "epoch": 17,
    "train_loss": 4.6054154059516055,
    "train_acc": 0.009977777777777778,
    "val_loss": 4.6051616256713865,
    "val_acc": 0.0114
}