{
    "epoch": 2,
    "train_loss": 4.607574249564276,
    "train_acc": 0.009533333333333333,
    "val_loss": 4.612319171524048,
    "val_acc": 0.0108
}