{
    "epoch": 11,
    "train_loss": 4.605487315538195,
    "train_acc": 0.009822222222222222,
    "val_loss": 4.605191296386718,
    "val_acc": 0.0096
}