{
    "epoch": 20,
    "train_loss": 4.60548304049174,
    "train_acc": 0.009933333333333334,
    "val_loss": 4.605148253250122,
    "val_acc": 0.009
}