{
    "epoch": 13,
    "train_loss": 4.730429765489366,
    "train_acc": 0.011044444444444445,
    "val_loss": 4.69530958328247,
    "val_acc": 0.0112,
    "f1_score": 0.009004635059148159,
    "top1": 1.06,
    "top5": 5.36,
    "precision": 0.012669427841982762,
    "recall": 0.01019610376005836
}