{
    "epoch": 7,
    "train_loss": 4.7295952260335286,
    "train_acc": 0.01108888888888889,
    "val_loss": 4.695647255706787,
    "val_acc": 0.014,
    "f1_score": 0.011204839761731776,
    "top1": 1.34,
    "top5": 5.66,
    "precision": 0.016787350008821856,
    "recall": 0.012869616096974693
}