{
    "epoch": 14,
    "train_loss": 4.7262974069383406,
    "train_acc": 0.0112,
    "val_loss": 4.693549127960205,
    "val_acc": 0.012,
    "f1_score": 0.010291632097219275,
    "top1": 1.24,
    "top5": 5.5,
    "precision": 0.014021949527735727,
    "recall": 0.011984428189750011
}