{
    "epoch": 16,
    "train_loss": 4.7315362132602266,
    "train_acc": 0.0106,
    "val_loss": 4.693956786346436,
    "val_acc": 0.0102,
    "f1_score": 0.008203971012153286,
    "top1": 1.0,
    "top5": 5.779999999999999,
    "precision": 0.011820831285926916,
    "recall": 0.009592598499455748
}