{
    "epoch": 3,
    "train_loss": 4.730444221242269,
    "train_acc": 0.010288888888888889,
    "val_loss": 4.695974306488037,
    "val_acc": 0.0118,
    "f1_score": 0.009480985321102624,
    "top1": 1.1400000000000001,
    "top5": 5.64,
    "precision": 0.013912805648024655,
    "recall": 0.011256379988110158
}