{
    "epoch": 2,
    "train_loss": 4.729868427530924,
    "train_acc": 0.01048888888888889,
    "val_loss": 4.6965124092102055,
    "val_acc": 0.0108,
    "f1_score": 0.008775378454100915,
    "top1": 1.0999999999999999,
    "top5": 5.56,
    "precision": 0.012581705280859392,
    "recall": 0.010752022921365532
}