{
    "epoch": 15,
    "train_loss": 4.727095226711697,
    "train_acc": 0.011022222222222221,
    "val_loss": 4.696305564117432,
    "val_acc": 0.011,
    "f1_score": 0.009659888419085494,
    "top1": 1.0999999999999999,
    "top5": 5.680000000000001,
    "precision": 0.014375728838371536,
    "recall": 0.010738322721355047
}