{
    "epoch": 12,
    "train_loss": 4.727758600955539,
    "train_acc": 0.0102,
    "val_loss": 4.693718728637696,
    "val_acc": 0.0112,
    "f1_score": 0.009397571117667694,
    "top1": 1.16,
    "top5": 5.86,
    "precision": 0.013302700080953469,
    "recall": 0.011100213816856582
}