{
    "epoch": 9,
    "train_loss": 4.726215785302056,
    "train_acc": 0.010644444444444444,
    "val_loss": 4.693377661132812,
    "val_acc": 0.0104,
    "f1_score": 0.008894176795244752,
    "top1": 1.04,
    "top5": 5.66,
    "precision": 0.012748471783409281,
    "recall": 0.010207748021372616
}