{
    "epoch": 4,
    "train_loss": 4.728807025655111,
    "train_acc": 0.010377777777777777,
    "val_loss": 4.6947451560974125,
    "val_acc": 0.0122,
    "f1_score": 0.009821621916954109,
    "top1": 1.18,
    "top5": 5.58,
    "precision": 0.013196049983271256,
    "recall": 0.011477162223831083
}