{
    "epoch": 10,
    "train_loss": 4.727774385240343,
    "train_acc": 0.010444444444444444,
    "val_loss": 4.694494349670411,
    "val_acc": 0.0128,
    "f1_score": 0.010709092497929422,
    "top1": 1.32,
    "top5": 5.52,
    "precision": 0.015514826592230366,
    "recall": 0.012748093047662208
}