{
    "epoch": 8,
    "train_loss": 4.72831578640408,
    "train_acc": 0.010244444444444445,
    "val_loss": 4.695370636749267,
    "val_acc": 0.0114,
    "f1_score": 0.009029426363677968,
    "top1": 1.0999999999999999,
    "top5": 5.64,
    "precision": 0.012336462709417642,
    "recall": 0.010644990074396449
}