{
    "epoch": 5,
    "train_loss": 4.727730096435547,
    "train_acc": 0.010688888888888888,
    "val_loss": 4.696000756072998,
    "val_acc": 0.0114,
    "f1_score": 0.008916301862510934,
    "top1": 1.1199999999999999,
    "top5": 5.76,
    "precision": 0.01327396156876092,
    "recall": 0.010928164822111213
}