{
    "epoch": 1,
    "train_loss": 4.732915455118815,
    "train_acc": 0.010422222222222222,
    "val_loss": 4.6947925025939945,
    "val_acc": 0.0128,
    "f1_score": 0.010089577526552741,
    "top1": 1.24,
    "top5": 5.46,
    "precision": 0.015576062517649297,
    "recall": 0.011915416576095144
}