{
    "epoch": 11,
    "train_loss": 4.725373584323459,
    "train_acc": 0.011222222222222222,
    "val_loss": 4.69308692703247,
    "val_acc": 0.0116,
    "f1_score": 0.009157174334461615,
    "top1": 1.1400000000000001,
    "top5": 5.72,
    "precision": 0.012132410767272703,
    "recall": 0.011036087163284454
}