{
    "epoch": 6,
    "train_loss": 4.731149331495497,
    "train_acc": 0.010533333333333334,
    "val_loss": 4.694750329589843,
    "val_acc": 0.0122,
    "f1_score": 0.00977265319972675,
    "top1": 1.2,
    "top5": 5.7,
    "precision": 0.01401684258867169,
    "recall": 0.011503288396684318
}