{
    "epoch": 10,
    "train_loss": 3.2597355114036137,
    "train_acc": 0.20522222222222222,
    "val_loss": 3.2576705575942992,
    "val_acc": 0.1982
}