{
    "epoch": 11,
    "train_loss": 3.0927767847590975,
    "train_acc": 0.23806666666666668,
    "val_loss": 3.0603397159576415,
    "val_acc": 0.2432
}