{
    "epoch": 17,
    "train_loss": 2.9845991155253517,
    "train_acc": 0.26108888888888887,
    "val_loss": 2.9849730979919435,
    "val_acc": 0.2536
}