{
    "epoch": 15,
    "train_loss": 3.0114903606043923,
    "train_acc": 0.2554666666666667,
    "val_loss": 2.998906022119522,
    "val_acc": 0.2538
}