{
    "epoch": 13,
    "train_loss": 3.043401795127657,
    "train_acc": 0.24766666666666667,
    "val_loss": 3.0202087655067444,
    "val_acc": 0.2472
}