{
    "epoch": 7,
    "train_loss": 3.44719686138365,
    "train_acc": 0.16782222222222223,
    "val_loss": 3.381829953479767,
    "val_acc": 0.1742
}