{
    "epoch": 9,
    "train_loss": 3.3139952050156065,
    "train_acc": 0.19164444444444445,
    "val_loss": 3.260997148895264,
    "val_acc": 0.2064
}