{
    "epoch": 12,
    "train_loss": 3.06021306942304,
    "train_acc": 0.24464444444444444,
    "val_loss": 3.0444662937164306,
    "val_acc": 0.2478
}