{
    "epoch": 18,
    "train_loss": 2.9777089627477857,
    "train_acc": 0.2594444444444444,
    "val_loss": 2.9804434607982637,
    "val_acc": 0.257
}