{
    "epoch": 14,
    "train_loss": 3.0264329832341934,
    "train_acc": 0.25146666666666667,
    "val_loss": 3.026017641878128,
    "val_acc": 0.25
}