{
    "epoch": 8,
    "train_loss": 3.3780504956245423,
    "train_acc": 0.17988888888888888,
    "val_loss": 3.2800226574897766,
    "val_acc": 0.1916
}