{
    "epoch": 20,
    "train_loss": 2.9482837205727894,
    "train_acc": 0.2667555555555556,
    "val_loss": 2.9605009147167207,
    "val_acc": 0.2596
}