{
    "epoch": 4,
    "train_loss": 3.795216850757599,
    "train_acc": 0.11077777777777778,
    "val_loss": 3.656866433906555,
    "val_acc": 0.1338
}