{
    "epoch": 6,
    "train_loss": 3.533220507589976,
    "train_acc": 0.15322222222222223,
    "val_loss": 3.447889329433441,
    "val_acc": 0.1594
}