{
    "epoch": 1,
    "train_loss": 4.433192134941949,
    "train_acc": 0.03404444444444445,
    "val_loss": 4.26874879283905,
    "val_acc": 0.048
}