{
    "epoch": 3,
    "train_loss": 3.954660769833459,
    "train_acc": 0.0896,
    "val_loss": 3.904710281562805,
    "val_acc": 0.1006
}