{
    "epoch": 5,
    "train_loss": 3.6363811850653756,
    "train_acc": 0.1376,
    "val_loss": 3.5235305315971375,
    "val_acc": 0.162
}