{
    "epoch": 16,
    "train_loss": 2.995716059557597,
    "train_acc": 0.2584666666666667,
    "val_loss": 2.984353957557678,
    "val_acc": 0.2608
}