{
    "epoch": 2,
    "train_loss": 4.182129040993584,
    "train_acc": 0.05773333333333333,
    "val_loss": 4.038925794792175,
    "val_acc": 0.0732
}