{
    "epoch": 19,
    "train_loss": 2.969214293660058,
    "train_acc": 0.2618666666666667,
    "val_loss": 2.9612417863845826,
    "val_acc": 0.2672
}