{
    "epoch": 11,
    "train_loss": 3.0844874813450707,
    "train_acc": 0.23937777777777777,
    "val_loss": 3.027907928800583,
    "val_acc": 0.2516
}