{
    "epoch": 10,
    "train_loss": 3.2500700428697797,
    "train_acc": 0.2066,
    "val_loss": 3.1471848148822783,
    "val_acc": 0.2248
}