{
    "epoch": 5,
    "train_loss": 3.646584946653578,
    "train_acc": 0.13882222222222224,
    "val_loss": 3.4952144185066225,
    "val_acc": 0.1568
}