{
    "epoch": 1,
    "train_loss": 4.195352494451734,
    "train_acc": 0.06104444444444444,
    "val_loss": 3.9688431175231935,
    "val_acc": 0.0834
}