{
    "epoch": 3,
    "train_loss": 3.8448806399875215,
    "train_acc": 0.10686666666666667,
    "val_loss": 3.7486755600929262,
    "val_acc": 0.1108
}