{
    "epoch": 7,
    "train_loss": 3.4854095549583435,
    "train_acc": 0.16666666666666666,
    "val_loss": 3.3664873886108397,
    "val_acc": 0.178
}