{
    "epoch": 15,
    "train_loss": 3.0001907197528417,
    "train_acc": 0.25626666666666664,
    "val_loss": 2.9605720066070558,
    "val_acc": 0.2654
}