{
    "epoch": 6,
    "train_loss": 3.5611330971505906,
    "train_acc": 0.1521111111111111,
    "val_loss": 3.44230643491745,
    "val_acc": 0.1676
}