{
    "epoch": 9,
    "train_loss": 3.326512149137921,
    "train_acc": 0.19375555555555554,
    "val_loss": 3.2025104630470276,
    "val_acc": 0.2128
}