{
    "epoch": 8,
    "train_loss": 3.4025056899441615,
    "train_acc": 0.18155555555555555,
    "val_loss": 3.285167441749573,
    "val_acc": 0.1976
}