{
    "epoch": 4,
    "train_loss": 3.7474921076986525,
    "train_acc": 0.12337777777777778,
    "val_loss": 3.659971858882904,
    "val_acc": 0.128
}