{
    "epoch": 14,
    "train_loss": 3.01610573114819,
    "train_acc": 0.255,
    "val_loss": 2.9829994507312776,
    "val_acc": 0.2528
}