{
    "epoch": 12,
    "train_loss": 3.050381840324402,
    "train_acc": 0.24906666666666666,
    "val_loss": 2.998258229160309,
    "val_acc": 0.2496
}