{
    "epoch": 2,
    "train_loss": 3.9598095279481678,
    "train_acc": 0.0892,
    "val_loss": 3.8478255615234374,
    "val_acc": 0.1036
}