{
    "epoch": 13,
    "train_loss": 3.0273538881513806,
    "train_acc": 0.25364444444444445,
    "val_loss": 2.9912976633548736,
    "val_acc": 0.2572
}