{
    "epoch": 2,
    "train_loss": 4.070750845040215,
    "train_acc": 0.15764444444444445,
    "val_loss": 3.4808826622009277,
    "val_acc": 0.3376,
    "f1_score": 0.30768980368741766,
    "top1": 33.7,
    "top5": 66.22,
    "precision": 0.333040432362924,
    "recall": 0.3319187321606003
}