{
    "epoch": 7,
    "train_loss": 1.4740285221523708,
    "train_acc": 0.7867777777777778,
    "val_loss": 1.4254769063949584,
    "val_acc": 0.7876,
    "f1_score": 0.7821092565436538,
    "top1": 78.75999999999999,
    "top5": 97.1,
    "precision": 0.7866493093840959,
    "recall": 0.7842551460362327
}