{
    "epoch": 27,
    "train_loss": 1.0568317400190566,
    "train_acc": 0.9363777777777778,
    "val_loss": 1.2745653533935546,
    "val_acc": 0.8382,
    "f1_score": 0.8349027695277331,
    "top1": 83.82,
    "top5": 98.04,
    "precision": 0.8378273246021333,
    "recall": 0.8354050141244369
}