{
    "epoch": 3,
    "train_loss": 2.9231952612982854,
    "train_acc": 0.4300222222222222,
    "val_loss": 2.2175436979293823,
    "val_acc": 0.5988,
    "f1_score": 0.5847283014375702,
    "top1": 59.96,
    "top5": 88.53999999999999,
    "precision": 0.6054201467457081,
    "recall": 0.5945367400690498
}