{
    "epoch": 18,
    "train_loss": 1.114978703350491,
    "train_acc": 0.9139777777777778,
    "val_loss": 1.2828308555603027,
    "val_acc": 0.834,
    "f1_score": 0.8319025311020674,
    "top1": 83.52000000000001,
    "top5": 97.96000000000001,
    "precision": 0.8349418800273939,
    "recall": 0.8324044715010644
}