{
    "epoch": 6,
    "train_loss": 1.572779144329495,
    "train_acc": 0.7538,
    "val_loss": 1.4615115390777589,
    "val_acc": 0.7804,
    "f1_score": 0.7754888226582863,
    "top1": 78.08,
    "top5": 96.66,
    "precision": 0.7796503337277271,
    "recall": 0.7776791470261094
}