{
    "epoch": 5,
    "train_loss": 1.746777413007948,
    "train_acc": 0.6988444444444445,
    "val_loss": 1.5458903224945069,
    "val_acc": 0.758,
    "f1_score": 0.7517183274466602,
    "top1": 75.8,
    "top5": 95.92,
    "precision": 0.756497807900521,
    "recall": 0.7546672315653652
}