{
    "epoch": 22,
    "train_loss": 1.0766986056009928,
    "train_acc": 0.9293777777777777,
    "val_loss": 1.2726552040100099,
    "val_acc": 0.8392,
    "f1_score": 0.836331208838506,
    "top1": 83.94,
    "top5": 98.06,
    "precision": 0.8393742818665075,
    "recall": 0.8372167497238281
}