{
    "epoch": 13,
    "train_loss": 1.2136596886528863,
    "train_acc": 0.8766444444444444,
    "val_loss": 1.3086353443145753,
    "val_acc": 0.8286,
    "f1_score": 0.8258706797582576,
    "top1": 82.94,
    "top5": 97.96000000000001,
    "precision": 0.8313660253132477,
    "recall": 0.8264659767405215
}