{
    "epoch": 4,
    "train_loss": 2.0955976197136774,
    "train_acc": 0.6083111111111111,
    "val_loss": 1.7322624769210815,
    "val_acc": 0.704,
    "f1_score": 0.6938609789633028,
    "top1": 70.39999999999999,
    "top5": 94.04,
    "precision": 0.6993269998182225,
    "recall": 0.7000932511672536
}