{
    "epoch": 19,
    "train_loss": 1.1008632765663995,
    "train_acc": 0.9200444444444444,
    "val_loss": 1.2756931203842163,
    "val_acc": 0.8386,
    "f1_score": 0.8352363642934916,
    "top1": 83.88,
    "top5": 98.04,
    "precision": 0.837871349428616,
    "recall": 0.8358167781574544
}