{
    "epoch": 26,
    "train_loss": 1.0575856545766196,
    "train_acc": 0.9369111111111111,
    "val_loss": 1.2743484281539916,
    "val_acc": 0.8428,
    "f1_score": 0.8399621568277731,
    "top1": 84.34,
    "top5": 98.02,
    "precision": 0.8439105779003526,
    "recall": 0.8403999749919053
}