{
    "epoch": 25,
    "train_loss": 1.0624119258880615,
    "train_acc": 0.9346888888888889,
    "val_loss": 1.2716474088668823,
    "val_acc": 0.842,
    "f1_score": 0.838478420516529,
    "top1": 84.22,
    "top5": 98.16,
    "precision": 0.8416593525249126,
    "recall": 0.8389986436362139
}