{
    "epoch": 30,
    "train_loss": 1.0542213165283203,
    "train_acc": 0.9368444444444445,
    "val_loss": 1.2739437746047975,
    "val_acc": 0.8424,
    "f1_score": 0.8389485744048124,
    "top1": 84.2,
    "top5": 98.0,
    "precision": 0.8424201928529739,
    "recall": 0.8395254123789886
}