{
    "epoch": 17,
    "train_loss": 1.130429321246677,
    "train_acc": 0.9089333333333334,
    "val_loss": 1.2858007305145263,
    "val_acc": 0.8324,
    "f1_score": 0.8289227542577059,
    "top1": 83.28,
    "top5": 98.04,
    "precision": 0.8322357367514231,
    "recall": 0.8300190271590092
}