{
    "epoch": 10,
    "train_loss": 1.3400660933600532,
    "train_acc": 0.8312,
    "val_loss": 1.3530978504180908,
    "val_acc": 0.809,
    "f1_score": 0.8039596163271159,
    "top1": 80.88,
    "top5": 97.72,
    "precision": 0.8091729547519751,
    "recall": 0.8059134879135581
}