{
    "epoch": 15,
    "train_loss": 1.1568589434305827,
    "train_acc": 0.8983777777777778,
    "val_loss": 1.292979016494751,
    "val_acc": 0.8312,
    "f1_score": 0.8278716045395947,
    "top1": 83.12,
    "top5": 98.1,
    "precision": 0.8313854108650947,
    "recall": 0.8287152575496123
}