{
    "epoch": 12,
    "train_loss": 1.2397830172220865,
    "train_acc": 0.8681555555555556,
    "val_loss": 1.3121322959899901,
    "val_acc": 0.8216,
    "f1_score": 0.8177064978975932,
    "top1": 82.19999999999999,
    "top5": 98.06,
    "precision": 0.8208789651300898,
    "recall": 0.8187201538118513
}