{
    "epoch": 28,
    "train_loss": 1.0553317254808214,
    "train_acc": 0.9364888888888889,
    "val_loss": 1.2700102655410768,
    "val_acc": 0.842,
    "f1_score": 0.8388615878291336,
    "top1": 84.24000000000001,
    "top5": 98.06,
    "precision": 0.8420761352541766,
    "recall": 0.839676757667164
}