{
    "epoch": 16,
    "train_loss": 1.1395351615905762,
    "train_acc": 0.9042222222222223,
    "val_loss": 1.29606330909729,
    "val_acc": 0.832,
    "f1_score": 0.8290522696728482,
    "top1": 83.24000000000001,
    "top5": 97.84,
    "precision": 0.8332603072348992,
    "recall": 0.8301064615674939
}