{
    "epoch": 8,
    "train_loss": 1.424496346282959,
    "train_acc": 0.8028222222222222,
    "val_loss": 1.3991628761291504,
    "val_acc": 0.7968,
    "f1_score": 0.7918833924478996,
    "top1": 79.72,
    "top5": 97.32,
    "precision": 0.7947501441818977,
    "recall": 0.7948069494182921
}