{
    "epoch": 21,
    "train_loss": 1.083433379152086,
    "train_acc": 0.9260444444444444,
    "val_loss": 1.2750313055038451,
    "val_acc": 0.8408,
    "f1_score": 0.8374214996471805,
    "top1": 84.06,
    "top5": 98.0,
    "precision": 0.8407203988979475,
    "recall": 0.8381562292722664
}