{
    "epoch": 29,
    "train_loss": 1.0557044606314765,
    "train_acc": 0.9375555555555556,
    "val_loss": 1.27108784198761,
    "val_acc": 0.8426,
    "f1_score": 0.838760201887852,
    "top1": 84.22,
    "top5": 98.14,
    "precision": 0.8418395652051217,
    "recall": 0.8391189884802206
}