{
    "epoch": 20,
    "train_loss": 1.0894274973975286,
    "train_acc": 0.9244222222222223,
    "val_loss": 1.2758747692108154,
    "val_acc": 0.8422,
    "f1_score": 0.8389319463611098,
    "top1": 84.22,
    "top5": 98.04,
    "precision": 0.8427580758825336,
    "recall": 0.8394756191440028
}