{
    "epoch": 1,
    "train_loss": 4.610696376715766,
    "train_acc": 0.023177777777777776,
    "val_loss": 4.397021238708496,
    "val_acc": 0.0608,
    "f1_score": 0.05518823861442761,
    "top1": 6.0,
    "top5": 19.939999999999998,
    "precision": 0.06347963980160329,
    "recall": 0.058298226331284245
}