{
    "epoch": 9,
    "train_loss": 1.3776906835344103,
    "train_acc": 0.8196888888888889,
    "val_loss": 1.3786232633590698,
    "val_acc": 0.8034,
    "f1_score": 0.7980505285850705,
    "top1": 80.32000000000001,
    "top5": 97.26,
    "precision": 0.8024273736121244,
    "recall": 0.7998457851018408
}