{
    "epoch": 24,
    "train_loss": 1.0667310435824924,
    "train_acc": 0.9313333333333333,
    "val_loss": 1.2746222358703614,
    "val_acc": 0.8394,
    "f1_score": 0.8360603404472171,
    "top1": 83.94,
    "top5": 98.11999999999999,
    "precision": 0.8403822309556808,
    "recall": 0.8365060016183712
}