{
    "epoch": 11,
    "train_loss": 1.2857848298390706,
    "train_acc": 0.8486222222222222,
    "val_loss": 1.336247594833374,
    "val_acc": 0.8154,
    "f1_score": 0.8112872683566104,
    "top1": 81.56,
    "top5": 97.72,
    "precision": 0.8156308682113037,
    "recall": 0.8128164311245715
}