{
    "epoch": 23,
    "train_loss": 1.0673085019429525,
    "train_acc": 0.9330444444444445,
    "val_loss": 1.2730309448242187,
    "val_acc": 0.8434,
    "f1_score": 0.839931390642367,
    "top1": 84.36,
    "top5": 98.06,
    "precision": 0.8425602443095696,
    "recall": 0.8407452595022532
}