{
    "epoch": 14,
    "train_loss": 1.181786585659451,
    "train_acc": 0.8883555555555556,
    "val_loss": 1.29612244682312,
    "val_acc": 0.8298,
    "f1_score": 0.8265149119766317,
    "top1": 83.02000000000001,
    "top5": 98.04,
    "precision": 0.829504991282509,
    "recall": 0.8274721723223419
}