{
    "epoch": 1,
    "train_loss": 4.172001296456655,
    "train_acc": 0.06335555555555555,
    "val_loss": 3.8757679739952087,
    "val_acc": 0.1012
}