{
    "epoch": 3,
    "train_loss": 3.4827769674725,
    "train_acc": 0.16433333333333333,
    "val_loss": 3.3688351731300354,
    "val_acc": 0.1802
}