{
    "epoch": 12,
    "train_loss": 2.3478289917945863,
    "train_acc": 0.38835555555555556,
    "val_loss": 2.4439340651512147,
    "val_acc": 0.3646
}