{
    "epoch": 15,
    "train_loss": 2.2461199500256113,
    "train_acc": 0.40824444444444447,
    "val_loss": 2.3858004202127456,
    "val_acc": 0.382
}