{
    "epoch": 7,
    "train_loss": 3.010713362195757,
    "train_acc": 0.24911111111111112,
    "val_loss": 2.953746253299713,
    "val_acc": 0.2602
}