{
    "epoch": 11,
    "train_loss": 2.4236471284204057,
    "train_acc": 0.37173333333333336,
    "val_loss": 2.4845729826927183,
    "val_acc": 0.3526
}