{
    "epoch": 10,
    "train_loss": 2.712344465170966,
    "train_acc": 0.30864444444444444,
    "val_loss": 2.661339302420616,
    "val_acc": 0.3214
}