{
    "epoch": 5,
    "train_loss": 3.2343922952334085,
    "train_acc": 0.21044444444444443,
    "val_loss": 3.181684493589401,
    "val_acc": 0.2214
}