{
    "epoch": 6,
    "train_loss": 3.127581700102488,
    "train_acc": 0.23026666666666668,
    "val_loss": 3.1052022592544555,
    "val_acc": 0.2362
}