{
    "epoch": 14,
    "train_loss": 2.2741318800926207,
    "train_acc": 0.40484444444444445,
    "val_loss": 2.4086863159179686,
    "val_acc": 0.3684
}