{
    "epoch": 13,
    "train_loss": 2.305197280414899,
    "train_acc": 0.3982888888888889,
    "val_loss": 2.44801471722126,
    "val_acc": 0.3708
}