{
    "epoch": 2,
    "train_loss": 3.692586224714915,
    "train_acc": 0.12775555555555557,
    "val_loss": 3.4824761308670045,
    "val_acc": 0.172
}