{
    "epoch": 9,
    "train_loss": 2.7940338247193233,
    "train_acc": 0.2931111111111111,
    "val_loss": 2.773887193274498,
    "val_acc": 0.2996
}