{
    "epoch": 8,
    "train_loss": 2.8990866607348122,
    "train_acc": 0.2694,
    "val_loss": 2.802714212346077,
    "val_acc": 0.2934
}