{
    "epoch": 4,
    "train_loss": 3.3494890698220994,
    "train_acc": 0.19004444444444443,
    "val_loss": 3.302484739971161,
    "val_acc": 0.2052
}