{
    "epoch": 9,
    "train_loss": 1.3244585224999321,
    "train_acc": 0.8368444444444444,
    "val_loss": 1.3612343729019165,
    "val_acc": 0.8142,
    "f1_score": 0.8094443451958985,
    "top1": 81.39999999999999,
    "top5": 97.48,
    "precision": 0.8137863454405343,
    "recall": 0.8105215265650623
}