{
    "epoch": 36,
    "train_loss": 0.9273342011345758,
    "train_acc": 0.9796666666666667,
    "val_loss": 1.2628643125534058,
    "val_acc": 0.8494,
    "f1_score": 0.845540221976798,
    "top1": 84.96000000000001,
    "top5": 97.82,
    "precision": 0.8485942163978294,
    "recall": 0.8458507244835184
}