{
    "epoch": 46,
    "train_loss": 0.9152868885887994,
    "train_acc": 0.9834222222222222,
    "val_loss": 1.2582621776580811,
    "val_acc": 0.8486,
    "f1_score": 0.8443939171818517,
    "top1": 84.86,
    "top5": 97.86,
    "precision": 0.8468410326521778,
    "recall": 0.8450894778515603
}