{
    "epoch": 44,
    "train_loss": 0.920411516655816,
    "train_acc": 0.9813333333333333,
    "val_loss": 1.2610038734436035,
    "val_acc": 0.8506,
    "f1_score": 0.845904389900953,
    "top1": 85.04,
    "top5": 97.96000000000001,
    "precision": 0.8485490486268801,
    "recall": 0.8465703838310437
}