{
    "epoch": 27,
    "train_loss": 0.9621082414415147,
    "train_acc": 0.9692666666666667,
    "val_loss": 1.2608511003494263,
    "val_acc": 0.8478,
    "f1_score": 0.8440098423168741,
    "top1": 84.8,
    "top5": 97.88,
    "precision": 0.8462424785355585,
    "recall": 0.8446693185169064
}