{
    "epoch": 33,
    "train_loss": 0.93559875831604,
    "train_acc": 0.9763777777777778,
    "val_loss": 1.2593201374053955,
    "val_acc": 0.8468,
    "f1_score": 0.8420866813555915,
    "top1": 84.66,
    "top5": 98.0,
    "precision": 0.8443107997191561,
    "recall": 0.8429703647153407
}