{
    "epoch": 10,
    "train_loss": 1.2729042746225994,
    "train_acc": 0.8576222222222222,
    "val_loss": 1.3351204778671264,
    "val_acc": 0.8184,
    "f1_score": 0.8138853202612423,
    "top1": 81.86,
    "top5": 97.66,
    "precision": 0.8164199237481344,
    "recall": 0.815611739577409
}