{
    "epoch": 25,
    "train_loss": 0.9730488655090332,
    "train_acc": 0.9658222222222222,
    "val_loss": 1.2590825037956237,
    "val_acc": 0.8468,
    "f1_score": 0.8427835203136695,
    "top1": 84.68,
    "top5": 98.06,
    "precision": 0.8452881338027015,
    "recall": 0.8431251907477673
}