{
    "epoch": 11,
    "train_loss": 1.2487536412133111,
    "train_acc": 0.8630666666666666,
    "val_loss": 1.3233862362861633,
    "val_acc": 0.8248,
    "f1_score": 0.8199486365292239,
    "top1": 82.42,
    "top5": 97.76,
    "precision": 0.8227947894301485,
    "recall": 0.821588782573184
}