{
    "epoch": 49,
    "train_loss": 0.9149751396179199,
    "train_acc": 0.9830666666666666,
    "val_loss": 1.255729139328003,
    "val_acc": 0.85,
    "f1_score": 0.8463164114939882,
    "top1": 85.02,
    "top5": 97.88,
    "precision": 0.8483599389645035,
    "recall": 0.8463984932124501
}