{
    "epoch": 1,
    "train_loss": 4.614022138468425,
    "train_acc": 0.023955555555555556,
    "val_loss": 4.414403939819336,
    "val_acc": 0.0594,
    "f1_score": 0.05465450721560849,
    "top1": 6.02,
    "top5": 18.98,
    "precision": 0.06368784151919044,
    "recall": 0.058677391678281836
}