{
    "epoch": 19,
    "train_loss": 1.0300139885372586,
    "train_acc": 0.9460666666666666,
    "val_loss": 1.2646823933601379,
    "val_acc": 0.8452,
    "f1_score": 0.8409331182771009,
    "top1": 84.54,
    "top5": 98.18,
    "precision": 0.8429543926779575,
    "recall": 0.8415930346692383
}