{
    "epoch": 41,
    "train_loss": 0.9203161045498318,
    "train_acc": 0.9818888888888889,
    "val_loss": 1.2574275078773498,
    "val_acc": 0.8496,
    "f1_score": 0.8451098421508171,
    "top1": 84.96000000000001,
    "top5": 97.82,
    "precision": 0.8470348951634051,
    "recall": 0.8461893193898242
}