{
    "epoch": 18,
    "train_loss": 1.0402161127726237,
    "train_acc": 0.9420888888888889,
    "val_loss": 1.2663864879608153,
    "val_acc": 0.8454,
    "f1_score": 0.8403122574592734,
    "top1": 84.46000000000001,
    "top5": 98.14,
    "precision": 0.8423958906373982,
    "recall": 0.8412007202031018
}