{
    "epoch": 42,
    "train_loss": 0.9186160475624933,
    "train_acc": 0.9826444444444444,
    "val_loss": 1.2578747287750245,
    "val_acc": 0.8516,
    "f1_score": 0.8482059440875193,
    "top1": 85.22,
    "top5": 97.89999999999999,
    "precision": 0.8500248547558893,
    "recall": 0.8487390528767409
}