{
    "epoch": 14,
    "train_loss": 1.1544294141981337,
    "train_acc": 0.8982222222222223,
    "val_loss": 1.2903328128814697,
    "val_acc": 0.8358,
    "f1_score": 0.8305051688919314,
    "top1": 83.52000000000001,
    "top5": 98.0,
    "precision": 0.8339179900470565,
    "recall": 0.8319733014483819
}