{
    "epoch": 23,
    "train_loss": 0.988178375837538,
    "train_acc": 0.9603111111111111,
    "val_loss": 1.2624890939712525,
    "val_acc": 0.8474,
    "f1_score": 0.8433977360947564,
    "top1": 84.76,
    "top5": 98.0,
    "precision": 0.8458878740216675,
    "recall": 0.8442002148160058
}