{
    "epoch": 28,
    "train_loss": 0.9550278495364719,
    "train_acc": 0.9717555555555556,
    "val_loss": 1.2585647115707397,
    "val_acc": 0.849,
    "f1_score": 0.845115863762818,
    "top1": 84.89999999999999,
    "top5": 97.94,
    "precision": 0.8473090316758254,
    "recall": 0.845736591963734
}