{
    "epoch": 48,
    "train_loss": 0.9173105239444309,
    "train_acc": 0.9820444444444445,
    "val_loss": 1.2554140223503112,
    "val_acc": 0.851,
    "f1_score": 0.8477496139265835,
    "top1": 85.18,
    "top5": 97.94,
    "precision": 0.8498054281615266,
    "recall": 0.8482296118558531
}