{
    "epoch": 29,
    "train_loss": 0.9511735827551948,
    "train_acc": 0.9726,
    "val_loss": 1.2587324604034424,
    "val_acc": 0.8496,
    "f1_score": 0.8454026385985323,
    "top1": 84.98,
    "top5": 98.02,
    "precision": 0.8475806293148439,
    "recall": 0.8461710870028871
}