{
    "epoch": 37,
    "train_loss": 0.9252227121565078,
    "train_acc": 0.9798888888888889,
    "val_loss": 1.2564357003211974,
    "val_acc": 0.8526,
    "f1_score": 0.8483472435771907,
    "top1": 85.22,
    "top5": 97.82,
    "precision": 0.8504365502979677,
    "recall": 0.8489291407291752
}