{
    "epoch": 8,
    "train_loss": 1.3858133719974095,
    "train_acc": 0.8175111111111111,
    "val_loss": 1.3726280536651612,
    "val_acc": 0.8104,
    "f1_score": 0.8048176712796234,
    "top1": 81.0,
    "top5": 97.44,
    "precision": 0.8090182653413079,
    "recall": 0.8065797231560662
}