{
    "epoch": 47,
    "train_loss": 0.9171622662014431,
    "train_acc": 0.9823111111111111,
    "val_loss": 1.2568368980407716,
    "val_acc": 0.8492,
    "f1_score": 0.8460913143329587,
    "top1": 85.02,
    "top5": 98.0,
    "precision": 0.8480238317810211,
    "recall": 0.8466865304986574
}