{
    "epoch": 24,
    "train_loss": 0.9812786855061849,
    "train_acc": 0.9626666666666667,
    "val_loss": 1.2656268219947815,
    "val_acc": 0.8462,
    "f1_score": 0.8414043638568883,
    "top1": 84.56,
    "top5": 98.02,
    "precision": 0.8441150778732898,
    "recall": 0.842279941873399
}