{
    "epoch": 34,
    "train_loss": 0.9348211410946317,
    "train_acc": 0.9777777777777777,
    "val_loss": 1.2595006420135497,
    "val_acc": 0.8524,
    "f1_score": 0.8479788116192677,
    "top1": 85.22,
    "top5": 97.94,
    "precision": 0.8503885880666897,
    "recall": 0.8484377217112049
}