{
    "epoch": 22,
    "train_loss": 0.9984047953711616,
    "train_acc": 0.9572666666666667,
    "val_loss": 1.2639887224197388,
    "val_acc": 0.8426,
    "f1_score": 0.8389916985998078,
    "top1": 84.32,
    "top5": 98.16,
    "precision": 0.8414062185561165,
    "recall": 0.8397662286417475
}