{
    "epoch": 6,
    "train_loss": 1.575396056705051,
    "train_acc": 0.7515777777777778,
    "val_loss": 1.4707209108352661,
    "val_acc": 0.7784,
    "f1_score": 0.77261756762617,
    "top1": 77.82,
    "top5": 96.6,
    "precision": 0.7784031540772428,
    "recall": 0.7740978427777317
}