{
    "epoch": 39,
    "train_loss": 0.922774765141805,
    "train_acc": 0.9812666666666666,
    "val_loss": 1.2582299293518067,
    "val_acc": 0.8502,
    "f1_score": 0.8457639436724417,
    "top1": 84.98,
    "top5": 98.04,
    "precision": 0.8478691171068027,
    "recall": 0.8465583376333281
}