{
    "epoch": 5,
    "train_loss": 1.7576617944081625,
    "train_acc": 0.6948444444444445,
    "val_loss": 1.5521137550354005,
    "val_acc": 0.7546,
    "f1_score": 0.7474985323559775,
    "top1": 75.42,
    "top5": 95.92,
    "precision": 0.7533998346240893,
    "recall": 0.7501993455866719
}