{
    "epoch": 16,
    "train_loss": 1.081476877678765,
    "train_acc": 0.9270444444444444,
    "val_loss": 1.2697947532653808,
    "val_acc": 0.8424,
    "f1_score": 0.837643914108537,
    "top1": 84.2,
    "top5": 98.22,
    "precision": 0.8398396663486225,
    "recall": 0.8388988410477586
}