{
    "epoch": 4,
    "train_loss": 2.112296373070611,
    "train_acc": 0.6013555555555555,
    "val_loss": 1.7450511936187745,
    "val_acc": 0.6976,
    "f1_score": 0.6863553189042478,
    "top1": 69.72,
    "top5": 93.84,
    "precision": 0.6935796052928244,
    "recall": 0.6914499591418205
}