{
    "epoch": 45,
    "train_loss": 0.9157815313763089,
    "train_acc": 0.9834,
    "val_loss": 1.261273258972168,
    "val_acc": 0.8488,
    "f1_score": 0.8444699641071252,
    "top1": 84.86,
    "top5": 97.82,
    "precision": 0.8472729524760545,
    "recall": 0.8454650687683106
}