{
    "epoch": 30,
    "train_loss": 0.9455949484083388,
    "train_acc": 0.9754,
    "val_loss": 1.2583320364952086,
    "val_acc": 0.8514,
    "f1_score": 0.8469135743626522,
    "top1": 85.08,
    "top5": 97.94,
    "precision": 0.8487568624580186,
    "recall": 0.8475094361839932
}