{
    "epoch": 2,
    "train_loss": 4.076976189761692,
    "train_acc": 0.15568888888888888,
    "val_loss": 3.501761845397949,
    "val_acc": 0.3466,
    "f1_score": 0.3142587127950205,
    "top1": 34.699999999999996,
    "top5": 64.98,
    "precision": 0.3371593306553235,
    "recall": 0.34124984225727917
}