{
    "epoch": 35,
    "train_loss": 0.9303161999808417,
    "train_acc": 0.9789555555555556,
    "val_loss": 1.2566213703155518,
    "val_acc": 0.8512,
    "f1_score": 0.8466741431866001,
    "top1": 85.08,
    "top5": 97.89999999999999,
    "precision": 0.8487016475710658,
    "recall": 0.8475352216839785
}