{
    "epoch": 43,
    "train_loss": 0.9170263995064629,
    "train_acc": 0.9825111111111111,
    "val_loss": 1.2531271951675416,
    "val_acc": 0.8528,
    "f1_score": 0.8495824106732682,
    "top1": 85.34,
    "top5": 98.0,
    "precision": 0.8520312454017794,
    "recall": 0.8500155873571665
}