{
    "epoch": 38,
    "train_loss": 0.9239361008961996,
    "train_acc": 0.9807333333333333,
    "val_loss": 1.2585024745941162,
    "val_acc": 0.8478,
    "f1_score": 0.8440083385884806,
    "top1": 84.74000000000001,
    "top5": 97.86,
    "precision": 0.846465572652387,
    "recall": 0.844231536650357
}