{
    "epoch": 3,
    "train_loss": 2.9238227136823864,
    "train_acc": 0.4269777777777778,
    "val_loss": 2.247013399887085,
    "val_acc": 0.5912,
    "f1_score": 0.5720027666300341,
    "top1": 59.040000000000006,
    "top5": 87.98,
    "precision": 0.584487173349858,
    "recall": 0.5851500181140762
}