{
    "epoch": 12,
    "train_loss": 1.212453299882677,
    "train_acc": 0.8782888888888889,
    "val_loss": 1.3129504541397095,
    "val_acc": 0.8264,
    "f1_score": 0.8215214448258183,
    "top1": 82.66,
    "top5": 97.8,
    "precision": 0.8251860768902439,
    "recall": 0.8230361792815007
}