{
    "epoch": 40,
    "train_loss": 0.921589442316691,
    "train_acc": 0.9805555555555555,
    "val_loss": 1.252149045276642,
    "val_acc": 0.8548,
    "f1_score": 0.8510722587744054,
    "top1": 85.48,
    "top5": 97.94,
    "precision": 0.8531226066314994,
    "recall": 0.8511875067649817
}