{
    "epoch": 20,
    "train_loss": 1.0206642390780978,
    "train_acc": 0.9487333333333333,
    "val_loss": 1.2624876068115234,
    "val_acc": 0.8468,
    "f1_score": 0.8427853474041506,
    "top1": 84.68,
    "top5": 98.24000000000001,
    "precision": 0.8448169456036538,
    "recall": 0.8437062498583421
}