{
    "epoch": 17,
    "train_loss": 1.0532414723714192,
    "train_acc": 0.9372,
    "val_loss": 1.270989841079712,
    "val_acc": 0.8422,
    "f1_score": 0.8374695020511236,
    "top1": 84.17999999999999,
    "top5": 98.3,
    "precision": 0.8398164610978999,
    "recall": 0.8384031320693691
}