{
    "epoch": 26,
    "train_loss": 0.96716914223565,
    "train_acc": 0.9672888888888889,
    "val_loss": 1.2643612833023072,
    "val_acc": 0.8502,
    "f1_score": 0.8456567523430798,
    "top1": 84.98,
    "top5": 97.96000000000001,
    "precision": 0.8485798677809534,
    "recall": 0.8463370370735634
}