{
    "epoch": 7,
    "train_loss": 1.4689028991275364,
    "train_acc": 0.7884444444444444,
    "val_loss": 1.4138563381195068,
    "val_acc": 0.7968,
    "f1_score": 0.7914958621035199,
    "top1": 79.75999999999999,
    "top5": 96.96000000000001,
    "precision": 0.7965252882286173,
    "recall": 0.7937229512479133
}