{
    "epoch": 32,
    "train_loss": 0.9419972396426731,
    "train_acc": 0.9755555555555555,
    "val_loss": 1.2598219264030457,
    "val_acc": 0.8462,
    "f1_score": 0.8426420291437894,
    "top1": 84.66,
    "top5": 97.94,
    "precision": 0.8447373571862249,
    "recall": 0.8434721609082
}