{
    "epoch": 13,
    "train_loss": 1.1756936832427978,
    "train_acc": 0.8901555555555556,
    "val_loss": 1.2989475898742675,
    "val_acc": 0.8372,
    "f1_score": 0.8340089136961635,
    "top1": 83.8,
    "top5": 97.88,
    "precision": 0.8371212104902099,
    "recall": 0.8349951186371463
}