{
    "epoch": 31,
    "train_loss": 0.9435812084197998,
    "train_acc": 0.9752888888888889,
    "val_loss": 1.2547486998558044,
    "val_acc": 0.8494,
    "f1_score": 0.8454311466198641,
    "top1": 84.96000000000001,
    "top5": 97.94,
    "precision": 0.8480103392508515,
    "recall": 0.8459524574700741
}