{
    "epoch": 21,
    "train_loss": 1.010268889702691,
    "train_acc": 0.9534,
    "val_loss": 1.2616664194107057,
    "val_acc": 0.845,
    "f1_score": 0.8410194524170792,
    "top1": 84.5,
    "top5": 98.06,
    "precision": 0.8437016598109618,
    "recall": 0.8418506021136679
}