{
    "epoch": 15,
    "train_loss": 1.1122741033130221,
    "train_acc": 0.9147333333333333,
    "val_loss": 1.2786944845199586,
    "val_acc": 0.84,
    "f1_score": 0.835242909400537,
    "top1": 83.98,
    "top5": 98.04,
    "precision": 0.8378113871920213,
    "recall": 0.8366829719978638
}