{
    "epoch": 12,
    "train_loss": 3.1980024460527634,
    "train_acc": 0.21644444444444444,
    "val_loss": 3.2104658670425414,
    "val_acc": 0.215
}