{
    "epoch": 18,
    "train_loss": 3.1302164078738954,
    "train_acc": 0.22853333333333334,
    "val_loss": 3.168375787162781,
    "val_acc": 0.2268
}