{
    "epoch": 9,
    "train_loss": 3.398181300550037,
    "train_acc": 0.17633333333333334,
    "val_loss": 3.3553877333641053,
    "val_acc": 0.1816
}