{
    "epoch": 2,
    "train_loss": 4.029687601470947,
    "train_acc": 0.07957777777777778,
    "val_loss": 3.925428991317749,
    "val_acc": 0.084
}