{
    "epoch": 17,
    "train_loss": 3.138909309387207,
    "train_acc": 0.2273777777777778,
    "val_loss": 3.1629841123580933,
    "val_acc": 0.2314
}