{
    "epoch": 15,
    "train_loss": 3.16110019753774,
    "train_acc": 0.22344444444444445,
    "val_loss": 3.1917407459259035,
    "val_acc": 0.221
}