{
    "epoch": 10,
    "train_loss": 3.372879465887282,
    "train_acc": 0.1812,
    "val_loss": 3.362525777244568,
    "val_acc": 0.1804
}