{
    "epoch": 5,
    "train_loss": 3.5582908015992905,
    "train_acc": 0.15082222222222222,
    "val_loss": 3.5757948756217957,
    "val_acc": 0.1514
}