{
    "epoch": 20,
    "train_loss": 3.1081505906793807,
    "train_acc": 0.2336,
    "val_loss": 3.148870691585541,
    "val_acc": 0.2336
}