{
    "epoch": 16,
    "train_loss": 3.1504867839336397,
    "train_acc": 0.2233111111111111,
    "val_loss": 3.1881199692726137,
    "val_acc": 0.2264
}