{
    "epoch": 4,
    "train_loss": 3.6698693698565164,
    "train_acc": 0.13353333333333334,
    "val_loss": 3.622967037296295,
    "val_acc": 0.1422
}