{
    "epoch": 1,
    "train_loss": 4.263566998926798,
    "train_acc": 0.05351111111111111,
    "val_loss": 4.087527534675598,
    "val_acc": 0.0728
}