{
    "epoch": 11,
    "train_loss": 3.2297536751058367,
    "train_acc": 0.2117111111111111,
    "val_loss": 3.2197157578468323,
    "val_acc": 0.2126
}