{
    "epoch": 19,
    "train_loss": 3.1246905314445494,
    "train_acc": 0.23035555555555556,
    "val_loss": 3.157353402900696,
    "val_acc": 0.2302
}