{
    "epoch": 7,
    "train_loss": 3.467940619415707,
    "train_acc": 0.16275555555555554,
    "val_loss": 3.438042594528198,
    "val_acc": 0.1654
}