{
    "epoch": 6,
    "train_loss": 3.506357572831048,
    "train_acc": 0.1598,
    "val_loss": 3.473056444644928,
    "val_acc": 0.1602
}