{
    "epoch": 14,
    "train_loss": 3.1742886979791853,
    "train_acc": 0.21993333333333334,
    "val_loss": 3.219983051776886,
    "val_acc": 0.2162
}