{
    "epoch": 13,
    "train_loss": 3.1862062957180872,
    "train_acc": 0.21866666666666668,
    "val_loss": 3.1946528626441957,
    "val_acc": 0.2204
}