{
    "epoch": 8,
    "train_loss": 3.4351844096395703,
    "train_acc": 0.17146666666666666,
    "val_loss": 3.4144304611206056,
    "val_acc": 0.1768
}