{
    "epoch": 3,
    "train_loss": 3.8328695542759363,
    "train_acc": 0.1068,
    "val_loss": 3.709222777080536,
    "val_acc": 0.131
}